id,name,charge,formula
10fthf_c,10-Formyltetrahydrofolate,-2.0,C20H21N7O7
12dgr120_c,"1,2-Diacyl-sn-glycerol (didodecanoyl, n-C12:0)",0.0,C27H52O5
12dgr120_p,"1,2-Diacyl-sn-glycerol (didodecanoyl, n-C12:0)",0.0,C27H52O5
12dgr140_c,"1,2-Diacyl-sn-glycerol (ditetradecanoyl, n-C14:0)",0.0,C31H60O5
12dgr140_p,"1,2-Diacyl-sn-glycerol (ditetradecanoyl, n-C14:0)",0.0,C31H60O5
12dgr141_c,"1,2-Diacyl-sn-glycerol (ditetradec-7-enoyl, n-C14:1)",0.0,C31H56O5
12dgr141_p,"1,2-Diacyl-sn-glycerol (ditetradec-7-enoyl, n-C14:1)",0.0,C31H56O5
12dgr160_c,"1,2-Diacyl-sn-glycerol (dihexadecanoyl, n-C16:0)",0.0,C35H68O5
12dgr160_p,"1,2-Diacyl-sn-glycerol (dihexadecanoyl, n-C16:0)",0.0,C35H68O5
12dgr161_c,"1,2-Diacyl-sn-glycerol (dihexadec-9-enoyl, n-C16:1)",0.0,C35H64O5
12dgr161_p,"1,2-Diacyl-sn-glycerol (dihexadec-9-enoyl, n-C16:1)",0.0,C35H64O5
12dgr180_c,"1,2-Diacyl-sn-glycerol (dioctadecanoyl, n-C18:0)",0.0,C39H76O5
12dgr180_p,"1,2-Diacyl-sn-glycerol (dioctadecanoyl, n-C18:0)",0.0,C39H76O5
12dgr181_c,"1,2-Diacyl-sn-glycerol (dioctadec-11-enoyl, n-C18:1)",0.0,C39H72O5
12dgr181_p,"1,2-Diacyl-sn-glycerol (dioctadec-11-enoyl, n-C18:1)",0.0,C39H72O5
12ppd__R_c,"(R)-Propane-1,2-diol",0.0,C3H8O2
12ppd__R_e,"(R)-Propane-1,2-diol",0.0,C3H8O2
12ppd__R_p,"(R)-Propane-1,2-diol",0.0,C3H8O2
12ppd__S_c,"(S)-Propane-1,2-diol",0.0,C3H8O2
12ppd__S_e,"(S)-Propane-1,2-diol",0.0,C3H8O2
12ppd__S_p,"(S)-Propane-1,2-diol",0.0,C3H8O2
13dpg_c,3-Phospho-D-glyceroyl phosphate,-4.0,C3H4O10P2
14glucan_c,"1,4-alpha-D-glucan",0.0,C36H62O31
14glucan_e,"1,4-alpha-D-glucan",0.0,C36H62O31
14glucan_p,"1,4-alpha-D-glucan",0.0,C36H62O31
15dap_c,"1,5-Diaminopentane",2.0,C5H16N2
15dap_e,"1,5-Diaminopentane",2.0,C5H16N2
15dap_p,"1,5-Diaminopentane",2.0,C5H16N2
1agpe120_p,1-Acyl-sn-glycero-3-phosphoethanolamine (n-C12:0),0.0,C17H36NO7P1
1agpe140_p,1-Acyl-sn-glycero-3-phosphoethanolamine (n-C14:0),0.0,C19H40NO7P1
1agpe141_p,1-Acyl-sn-glycero-3-phosphoethanolamine (n-C14:1),0.0,C19H38NO7P1
1agpe160_p,1-Acyl-sn-glycero-3-phosphoethanolamine (n-C16:0),0.0,C21H44NO7P1
1agpe161_p,1-Acyl-sn-glycero-3-phosphoethanolamine (n-C16:1),0.0,C21H42NO7P1
1agpe180_p,1-Acyl-sn-glycero-3-phosphoethanolamine (n-C18:0),0.0,C23H48NO7P1
1agpe181_p,1-Acyl-sn-glycero-3-phosphoethanolamine (n-C18:1),0.0,C23H46NO7P1
1agpg120_p,1-Acyl-sn-glycero-3-phosphoglycerol (n-C12:0),-1.0,C18H36O9P1
1agpg140_p,1-Acyl-sn-glycero-3-phosphoglycerol (n-C14:0),-1.0,C20H40O9P1
1agpg141_p,1-Acyl-sn-glycero-3-phosphoglycerol (n-C14:1),-1.0,C20H38O9P1
1agpg160_p,1-Acyl-sn-glycero-3-phosphoglycerol (n-C16:0),-1.0,C22H44O9P1
1agpg161_p,1-Acyl-sn-glycero-3-phosphoglycerol (n-C16:1),-1.0,C22H42O9P1
1agpg180_p,1-Acyl-sn-glycero-3-phosphoglycerol (n-C18:0),-1.0,C24H48O9P1
1agpg181_p,1-Acyl-sn-glycero-3-phosphoglycerol (n-C18:1),-1.0,C24H46O9P1
1ddecg3p_c,1-dodecanoyl-sn-glycerol 3-phosphate,-2.0,C15H29O7P1
1ddecg3p_p,1-dodecanoyl-sn-glycerol 3-phosphate,-2.0,C15H29O7P1
1hdec9eg3p_c,1-hexadec-9-enoyl-sn-glycerol 3-phosphate,-2.0,C19H35O7P1
1hdec9eg3p_p,1-hexadec-9-enoyl-sn-glycerol 3-phosphate,-2.0,C19H35O7P1
1hdecg3p_c,1-hexadecanoyl-sn-glycerol 3-phosphate,-2.0,C19H37O7P1
1hdecg3p_p,1-hexadecanoyl-sn-glycerol 3-phosphate,-2.0,C19H37O7P1
1odec11eg3p_c,1-octadec-11-enoyl-sn-glycerol 3-phosphate,-2.0,C21H39O7P1
1odec11eg3p_p,1-octadec-11-enoyl-sn-glycerol 3-phosphate,-2.0,C21H39O7P1
1odecg3p_c,1-octadecanoyl-sn-glycerol 3-phosphate,-2.0,C21H41O7P1
1odecg3p_p,1-octadecanoyl-sn-glycerol 3-phosphate,-2.0,C21H41O7P1
1pyr5c_c,1-Pyrroline-5-carboxylate,-1.0,C5H6NO2
1tdec7eg3p_c,1-tetradec-7-enoyl-sn-glycerol 3-phosphate,-2.0,C17H31O7P1
1tdec7eg3p_p,1-tetradec-7-enoyl-sn-glycerol 3-phosphate,-2.0,C17H31O7P1
1tdecg3p_c,1-tetradecanoyl-sn-glycerol 3-phosphate,-2.0,C17H33O7P1
1tdecg3p_p,1-tetradecanoyl-sn-glycerol 3-phosphate,-2.0,C17H33O7P1
23camp_e,"2',3'-Cyclic AMP",-1.0,C10H11N5O6P
23camp_p,"2',3'-Cyclic AMP",-1.0,C10H11N5O6P
23ccmp_e,"2',3'-Cyclic CMP",-1.0,C9H11N3O7P
23ccmp_p,"2',3'-Cyclic CMP",-1.0,C9H11N3O7P
23cgmp_e,"2',3'-Cyclic GMP",-1.0,C10H11N5O7P
23cgmp_p,"2',3'-Cyclic GMP",-1.0,C10H11N5O7P
23cump_e,"2',3'-Cyclic UMP",-1.0,C9H10N2O8P
23cump_p,"2',3'-Cyclic UMP",-1.0,C9H10N2O8P
23dappa_c,"2,3-diaminopropionate",1.0,C3H9N2O2
23dappa_e,"2,3-diaminopropionate",1.0,C3H9N2O2
23dappa_p,"2,3-diaminopropionate",1.0,C3H9N2O2
23ddhb_c,"2,3-Dihydro-2,3-dihydroxybenzoate",-1.0,C7H7O4
23dhb_c,"2,3-Dihydroxybenzoate",-1.0,C7H5O4
23dhba_c,"(2,3-Dihydroxybenzoyl)adenylate",-1.0,C17H17N5O10P
23dhbzs_c,"2,3-dihydroxybenzoylserine",-1.0,C10H10NO6
23dhdp_c,"2,3-Dihydrodipicolinate",-2.0,C7H5NO4
23dhmb_c,"(R)-2,3-Dihydroxy-3-methylbutanoate",-1.0,C5H9O4
23dhmp_c,"(R)-2,3-Dihydroxy-3-methylpentanoate",-1.0,C6H11O4
23doguln_c,"2,3-Dioxo-L-gulonate",-1.0,C6H7O7
25aics_c,(S)-2-[5-Amino-1-(5-phospho-D-ribosyl)imidazole-4-carboxamido]succinate,-4.0,C13H15N4O12P
25dkglcn_c,"2,5-diketo-D-gluconate",-1.0,C6H7O7
25drapp_c,"2,5-Diamino-6-(ribosylamino)-4-(3H)-pyrimidinone 5'-phosphate",-2.0,C9H14N5O8P
26dap_LL_c,"LL-2,6-Diaminoheptanedioate",0.0,C7H14N2O4
26dap__M_c,"Meso-2,6-Diaminoheptanedioate",0.0,C7H14N2O4
26dap__M_e,"Meso-2,6-Diaminoheptanedioate",0.0,C7H14N2O4
26dap__M_p,"Meso-2,6-Diaminoheptanedioate",0.0,C7H14N2O4
2agpe120_c,2-Acyl-sn-glycero-3-phosphoethanolamine (n-C12:0),0.0,C17H36NO7P1
2agpe120_p,2-Acyl-sn-glycero-3-phosphoethanolamine (n-C12:0),0.0,C17H36NO7P1
2agpe140_c,2-Acyl-sn-glycero-3-phosphoethanolamine (n-C14:0),0.0,C19H40NO7P1
2agpe140_p,2-Acyl-sn-glycero-3-phosphoethanolamine (n-C14:0),0.0,C19H40NO7P1
2agpe141_c,2-Acyl-sn-glycero-3-phosphoethanolamine (n-C14:1),0.0,C19H38NO7P1
2agpe141_p,2-Acyl-sn-glycero-3-phosphoethanolamine (n-C14:1),0.0,C19H38NO7P1
2agpe160_c,2-Acyl-sn-glycero-3-phosphoethanolamine (n-C16:0),0.0,C21H44NO7P1
2agpe160_p,2-Acyl-sn-glycero-3-phosphoethanolamine (n-C16:0),0.0,C21H44NO7P1
2agpe161_c,2-Acyl-sn-glycero-3-phosphoethanolamine (n-C16:1),0.0,C21H42NO7P1
2agpe161_p,2-Acyl-sn-glycero-3-phosphoethanolamine (n-C16:1),0.0,C21H42NO7P1
2agpe180_c,2-Acyl-sn-glycero-3-phosphoethanolamine (n-C18:0),0.0,C23H48NO7P1
2agpe180_p,2-Acyl-sn-glycero-3-phosphoethanolamine (n-C18:0),0.0,C23H48NO7P1
2agpe181_c,2-Acyl-sn-glycero-3-phosphoethanolamine (n-C18:1),0.0,C23H46NO7P1
2agpe181_p,2-Acyl-sn-glycero-3-phosphoethanolamine (n-C18:1),0.0,C23H46NO7P1
2agpg120_c,2-Acyl-sn-glycero-3-phosphoglycerol (n-C12:0),-1.0,C18H36O9P1
2agpg120_p,2-Acyl-sn-glycero-3-phosphoglycerol (n-C12:0),-1.0,C18H36O9P1
2agpg140_c,2-Acyl-sn-glycero-3-phosphoglycerol (n-C14:0),-1.0,C20H40O9P1
2agpg140_p,2-Acyl-sn-glycero-3-phosphoglycerol (n-C14:0),-1.0,C20H40O9P1
2agpg141_c,2-Acyl-sn-glycero-3-phosphoglycerol (n-C14:1),-1.0,C20H38O9P1
2agpg141_p,2-Acyl-sn-glycero-3-phosphoglycerol (n-C14:1),-1.0,C20H38O9P1
2agpg160_c,2-Acyl-sn-glycero-3-phosphoglycerol (n-C16:0),-1.0,C22H44O9P1
2agpg160_p,2-Acyl-sn-glycero-3-phosphoglycerol (n-C16:0),-1.0,C22H44O9P1
2agpg161_c,2-Acyl-sn-glycero-3-phosphoglycerol (n-C16:1),-1.0,C22H42O9P1
2agpg161_p,2-Acyl-sn-glycero-3-phosphoglycerol (n-C16:1),-1.0,C22H42O9P1
2agpg180_c,2-Acyl-sn-glycero-3-phosphoglycerol (n-C18:0),-1.0,C24H48O9P1
2agpg180_p,2-Acyl-sn-glycero-3-phosphoglycerol (n-C18:0),-1.0,C24H48O9P1
2agpg181_c,2-Acyl-sn-glycero-3-phosphoglycerol (n-C18:1),-1.0,C24H46O9P1
2agpg181_p,2-Acyl-sn-glycero-3-phosphoglycerol (n-C18:1),-1.0,C24H46O9P1
2ahbut_c,(S)-2-Aceto-2-hydroxybutanoate,-1.0,C6H9O4
2amsa_c,2-Aminomalonate semialdehyde,0.0,C3H5NO3
2aobut_c,L-2-Amino-3-oxobutanoate,0.0,C4H7NO3
2cpr5p_c,1-(2-Carboxyphenylamino)-1-deoxy-D-ribulose 5-phosphate,-3.0,C12H13NO9P
2dda7p_c,2-Dehydro-3-deoxy-D-arabino-heptonate 7-phosphate,-3.0,C7H10O10P
2ddecg3p_c,2-dodecanoyl-sn-glycerol 3-phosphate,-1.0,C15H30O7P1
2ddecg3p_p,2-dodecanoyl-sn-glycerol 3-phosphate,-1.0,C15H30O7P1
2ddg6p_c,2-Dehydro-3-deoxy-D-gluconate 6-phosphate,-3.0,C6H8O9P
2ddglcn_c,2-Dehydro-3-deoxy-D-gluconate,-1.0,C6H9O6
2ddglcn_e,2-Dehydro-3-deoxy-D-gluconate,-1.0,C6H9O6
2ddglcn_p,2-Dehydro-3-deoxy-D-gluconate,-1.0,C6H9O6
2dh3dgal6p_c,2-Dehydro-3-deoxy-D-galactonate 6-phosphate,-3.0,C6H8O9P
2dh3dgal_c,2-Dehydro-3-deoxy-D-galactonate,-1.0,C6H9O6
2dhglcn_c,2-Dehydro-D-gluconate,-1.0,C6H9O7
2dhguln_c,2-Dehydro-L-gulonate,-1.0,C6H9O7
2dhp_c,2-Dehydropantoate,-1.0,C6H9O4
2dmmq8_c,2-Demethylmenaquinone 8,0.0,C50H70O2
2dmmql8_c,2-Demethylmenaquinol 8,0.0,C50H72O2
2dr1p_c,2-Deoxy-D-ribose 1-phosphate,-2.0,C5H9O7P
2dr5p_c,2-Deoxy-D-ribose 5-phosphate,-2.0,C5H9O7P
2h3oppan_c,2-Hydroxy-3-oxopropanoate,-1.0,C3H3O4
2hdec9eg3p_c,2-hexadec-9-enoyl-sn-glycerol 3-phosphate,-1.0,C19H36O7P1
2hdec9eg3p_p,2-hexadec-9-enoyl-sn-glycerol 3-phosphate,-1.0,C19H36O7P1
2hdecg3p_c,2-hexadecanoyl-sn-glycerol 3-phosphate,-1.0,C19H38O7P1
2hdecg3p_p,2-hexadecanoyl-sn-glycerol 3-phosphate,-1.0,C19H38O7P1
2ippm_c,2-Isopropylmaleate,-2.0,C7H8O4
2kmb_c,2-keto-4-methylthiobutyrate,-1.0,C5H7O3S
2mahmp_c,2-Methyl-4-amino-5-hydroxymethylpyrimidine diphosphate,-3.0,C6H8N3O7P2
2mcacn_c,Cis-2-Methylaconitate,-3.0,C7H5O6
2mcit_c,2-Methylcitrate,-3.0,C7H7O7
2me4p_c,2-C-methyl-D-erythritol 4-phosphate,-2.0,C5H11O7P
2mecdp_c,"2-C-methyl-D-erythritol 2,4-cyclodiphosphate",-2.0,C5H10O9P2
2obut_c,2-Oxobutanoate,-1.0,C4H5O3
2odec11eg3p_c,2-octadec-11-enoyl-sn-glycerol 3-phosphate,-1.0,C21H40O7P1
2odec11eg3p_p,2-octadec-11-enoyl-sn-glycerol 3-phosphate,-1.0,C21H40O7P1
2odecg3p_c,2-octadecanoyl-sn-glycerol 3-phosphate,-1.0,C21H42O7P1
2odecg3p_p,2-octadecanoyl-sn-glycerol 3-phosphate,-1.0,C21H42O7P1
2ohph_c,2-Octaprenyl-6-hydroxyphenol,0.0,C46H70O2
2ombzl_c,"2-Octaprenyl-6-methoxy-1,4-benzoquinol",0.0,C47H72O3
2omhmbl_c,"2-Octaprenyl-3-methyl-5-hydroxy-6-methoxy-1,4-benzoquinol",0.0,C48H74O4
2ommbl_c,"2-Octaprenyl-3-methyl-6-methoxy- 1,4-benzoquinol",0.0,C48H74O3
2omph_c,2-Octaprenyl-6-methoxyphenol,0.0,C47H72O2
2oph_c,2-Octaprenylphenol,0.0,C46H70O
2p4c2me_c,2-phospho-4-(cytidine 5'-diphospho)-2-C-methyl-D-erythritol,-4.0,C14H22N3O17P3
2pg_c,D-Glycerate 2-phosphate,-3.0,C3H4O7P
2pglyc_c,2-Phosphoglycolate,-3.0,C2H2O6P
2shchc_c,"2-Succinyl-6-hydroxy-2,4-cyclohexadiene-1-carboxylate",-2.0,C11H10O6
2tdec7eg3p_c,2-tetradec-7-enoyl-sn-glycerol 3-phosphate,-1.0,C17H32O7P1
2tdec7eg3p_p,2-tetradec-7-enoyl-sn-glycerol 3-phosphate,-1.0,C17H32O7P1
2tdecg3p_c,2-tetradecanoyl-sn-glycerol 3-phosphate,-1.0,C17H34O7P1
2tdecg3p_p,2-tetradecanoyl-sn-glycerol 3-phosphate,-1.0,C17H34O7P1
2tpr3dpcoa_c,2'-(5''-triphosphoribosyl)-3'-dephospho-CoA,-6.0,C26H40N7O26P5S
34dhpac_e,"3,4-Dihydroxyphenylacetaldehyde",0.0,C8H8O3
34dhpac_p,"3,4-Dihydroxyphenylacetaldehyde",0.0,C8H8O3
34hpp_c,3-(4-Hydroxyphenyl)pyruvate,-1.0,C9H7O4
3amp_e,3  AMP C10H12N5O7P,-2.0,C10H12N5O7P
3amp_p,3  AMP C10H12N5O7P,-2.0,C10H12N5O7P
3c2hmp_c,3-Carboxy-2-hydroxy-4-methylpentanoate,-2.0,C7H10O5
3c3hmp_c,3-Carboxy-3-hydroxy-4-methylpentanoate,-2.0,C7H10O5
3c4mop_c,3-Carboxy-4-methyl-2-oxopentanoate,-2.0,C7H8O5
3cmp_e,3  CMP C9H12N3O8P,-2.0,C9H12N3O8P
3cmp_p,3  CMP C9H12N3O8P,-2.0,C9H12N3O8P
3dhguln_c,3-Dehydro-L-gulonate,-1.0,C6H9O7
3dhgulnp_c,3-keto-L-gulonate-6-phosphate,-3.0,C6H8O10P
3dhq_c,3-Dehydroquinate,-1.0,C7H9O6
3dhsk_c,3-Dehydroshikimate,-1.0,C7H7O5
3gmp_e,Guanosine 3  phosphate C10H12N5O8P,-2.0,C10H12N5O8P
3gmp_p,Guanosine 3  phosphate C10H12N5O8P,-2.0,C10H12N5O8P
3haACP_c,(3R)-3-Hydroxyacyl-[acyl-carrier protein],-1.0,C15H27N2O9PRS
3hbcoa_c,(S)-3-Hydroxybutanoyl-CoA,-4.0,C25H38N7O18P3S
3hcddec5eACP_c,(R)-3-hydroxy-cis-dodec-5-enoyl-[acyl-carrier protein],-1.0,C23H41N2O9PRS
3hcinnm_c,3-hydroxycinnamic acid,-1.0,C9H7O3
3hcinnm_e,3-hydroxycinnamic acid,-1.0,C9H7O3
3hcinnm_p,3-hydroxycinnamic acid,-1.0,C9H7O3
3hcmrs7eACP_c,(R)-3-hydroxy-cis-myristol-7-eoyl-[acyl-carrier protein],-1.0,C25H45N2O9PRS
3hcpalm9eACP_c,(R)-3-hydroxy-cis-palm-9-eoyl-[acyl-carrier protein],-1.0,C27H49N2O9PRS
3hcvac11eACP_c,(R)-3-hydroxy-cis-vacc-11-enoyl-[acyl-carrier protein],-1.0,C29H53N2O9PRS
3hdcoa_c,(S)-3-Hydroxydecanoyl-CoA,-4.0,C31H50N7O18P3S
3hddcoa_c,(S)-3-Hydroxydodecanoyl-CoA,-4.0,C33H54N7O18P3S
3hddecACP_c,(R)-3-Hydroxydodecanoyl-[acyl-carrier protein],-1.0,C23H43N2O9PRS
3hdecACP_c,(R)-3-Hydroxydecanoyl-[acyl-carrier protein],-1.0,C21H39N2O9PRS
3hhcoa_c,(S)-3-Hydroxyhexanoyl-CoA,-4.0,C27H42N7O18P3S
3hhdcoa_c,(S)-3-Hydroxyhexadecanoyl-CoA,-4.0,C37H62N7O18P3S
3hhexACP_c,(R)-3-Hydroxyhexanoyl-[acyl-carrier protein],-1.0,C17H31N2O9PRS
3hmrsACP_c,(R)-3-Hydroxytetradecanoyl-[acyl-carrier protein],-1.0,C25H47N2O9PRS
3hocoa_c,(S)-3-Hydroxyoctanoyl-CoA,-4.0,C29H46N7O18P3S
3hoctACP_c,(R)-3-Hydroxyoctanoyl-[acyl-carrier protein],-1.0,C19H35N2O9PRS
3hoctaACP_c,(R)-3-Hydroxyoctadecanoyl-[acyl-carrier protein],-1.0,C29H55N2O9PRS
3hodcoa_c,(S)-3-Hydroxyoctadecanoyl-CoA,-4.0,C39H66N7O18P3S
3hpalmACP_c,R-3-hydroxypalmitoyl-[acyl-carrier protein],-1.0,C27H51N2O9PRS
3hpppn_c,3-(3-hydroxy-phenyl)propionate,-1.0,C9H9O3
3hpppn_e,3-(3-hydroxy-phenyl)propionate,-1.0,C9H9O3
3hpppn_p,3-(3-hydroxy-phenyl)propionate,-1.0,C9H9O3
3htdcoa_c,(S)-3-Hydroxytetradecanoyl-CoA,-4.0,C35H58N7O18P3S
3ig3p_c,C'-(3-Indolyl)-glycerol 3-phosphate,-2.0,C11H12NO6P
3mob_c,3-Methyl-2-oxobutanoate,-1.0,C5H7O3
3mop_c,(S)-3-Methyl-2-oxopentanoate,-1.0,C6H9O3
3ocddec5eACP_c,3-oxo-cis-dodec-5-enoyl-[acyl-carrier protein],-1.0,C23H39N2O9PRS
3ocmrs7eACP_c,3-oxo-cis-myristol-7-eoyl-[acyl-carrier protein],-1.0,C25H43N2O9PRS
3ocpalm9eACP_c,3-oxo-cis-palm-9-eoyl-[acyl-carrier protein],-1.0,C27H47N2O9PRS
3ocvac11eACP_c,3-oxo-cis-vacc-11-enoyl-[acyl-carrier protein],-1.0,C29H51N2O9PRS
3odcoa_c,3-Oxodecanoyl-CoA,-4.0,C31H48N7O18P3S
3oddcoa_c,3-Oxododecanoyl-CoA,-4.0,C33H52N7O18P3S
3oddecACP_c,3-Oxododecanoyl-[acyl-carrier protein],-1.0,C23H41N2O9PRS
3odecACP_c,3-Oxodecanoyl-[acyl-carrier protein],-1.0,C21H37N2O9PRS
3ohcoa_c,3-Oxohexanoyl-CoA,-4.0,C27H40N7O18P3S
3ohdcoa_c,3-Oxohexadecanoyl-CoA,-4.0,C37H60N7O18P3S
3ohexACP_c,3-Oxohexanoyl-[acyl-carrier protein],-1.0,C17H29N2O9PRS
3omrsACP_c,3-Oxotetradecanoyl-[acyl-carrier protein],-1.0,C25H45N2O9PRS
3oocoa_c,3-Oxooctanoyl-CoA,-4.0,C29H44N7O18P3S
3ooctACP_c,3-Oxooctanoyl-[acyl-carrier protein],-1.0,C19H33N2O9PRS
3ooctdACP_c,3-Oxooctadecanoyl-[acyl-carrier protein],-1.0,C29H53N2O9PRS
3ohodcoa_c,3-Oxooctadecanoyl-CoA,-4.0,C39H64N7O18P3S
3opalmACP_c,3-Oxohexadecanoyl-[acyl-carrier protein],-1.0,C27H49N2O9PRS
3ophb_c,3-Octaprenyl-4-hydroxybenzoate,-1.0,C47H69O3
3otdcoa_c,3-Oxotetradecanoyl-CoA,-4.0,C35H56N7O18P3S
3pg_c,3-Phospho-D-glycerate,-3.0,C3H4O7P
3php_c,3-Phosphohydroxypyruvate,-3.0,C3H2O7P
3psme_c,5-O-(1-Carboxyvinyl)-3-phosphoshikimate,-4.0,C10H9O10P
3sala_c,3-Sulfino-L-alanine,-2.0,C3H5NO4S
3ump_e,3  UMP C9H11N2O9P,-2.0,C9H11N2O9P
3ump_p,3  UMP C9H11N2O9P,-2.0,C9H11N2O9P
4abut_c,4-Aminobutanoate,0.0,C4H9NO2
4abut_e,4-Aminobutanoate,0.0,C4H9NO2
4abut_p,4-Aminobutanoate,0.0,C4H9NO2
4abutn_c,4-Aminobutanal,1.0,C4H10NO
4abz_c,4-Aminobenzoate,-1.0,C7H6NO2
4adcho_c,4-amino-4-deoxychorismate,-1.0,C10H10NO5
4ahmmp_c,4-Amino-5-hydroxymethyl-2-methylpyrimidine,0.0,C6H9N3O
4ampm_c,4-Amino-2-methyl-5-phosphomethylpyrimidine,-2.0,C6H8N3O4P
4c2me_c,4-(cytidine 5'-diphospho)-2-C-methyl-D-erythritol,-2.0,C14H23N3O14P2
4h2opntn_c,4-Hydroxy-2-oxopentanoate,-1.0,C5H7O4
4hba_c,4-Hydroxy-benzyl alcohol,0.0,C7H8O2
4hbz_c,4-Hydroxybenzoate,-1.0,C7H5O3
4hoxpacd_e,4-Hydroxyphenylacetaldehyde,0.0,C8H8O2
4hoxpacd_p,4-Hydroxyphenylacetaldehyde,0.0,C8H8O2
4hthr_c,4-Hydroxy-L-threonine,0.0,C4H9NO4
4mhetz_c,4-Methyl-5-(2-hydroxyethyl)-thiazole,0.0,C6H9NOS
4mop_c,4-Methyl-2-oxopentanoate,-1.0,C6H9O3
4mpetz_c,4-Methyl-5-(2-phosphoethyl)-thiazole,-2.0,C6H8NO4PS
4pasp_c,4-Phospho-L-aspartate,-2.0,C4H6NO7P
4per_c,4-Phospho-D-erythronate,-3.0,C4H6O8P
4ppan_c,D-4'-Phosphopantothenate,-3.0,C9H15NO8P
4ppcys_c,N-((R)-4-Phosphopantothenoyl)-L-cysteine,-3.0,C12H20N2O9PS
4r5au_c,4-(1-D-Ribitylamino)-5-aminouracil,0.0,C9H16N4O6
5aizc_c,5-amino-1-(5-phospho-D-ribosyl)imidazole-4-carboxylate,-3.0,C9H11N3O9P
5aop_c,5-Amino-4-oxopentanoate,0.0,C5H9NO3
5aprbu_c,5-Amino-6-(5'-phosphoribitylamino)uracil,-2.0,C9H15N4O9P
5apru_c,5-Amino-6-(5'-phosphoribosylamino)uracil,-2.0,C9H13N4O9P
5caiz_c,5-phosphoribosyl-5-carboxyaminoimidazole,-3.0,C9H11N3O9P
5dglcn_c,5-Dehydro-D-gluconate,-1.0,C6H9O7
5dglcn_e,5-Dehydro-D-gluconate,-1.0,C6H9O7
5dglcn_p,5-Dehydro-D-gluconate,-1.0,C6H9O7
5dh4dglc_c,5-Dehydro-4-deoxy-D-glucarate,-2.0,C6H6O7
5drib_c,5'-deoxyribose,0.0,C5H10O4
5mdr1p_c,5-Methylthio-5-deoxy-D-ribose 1-phosphate,-2.0,C6H11O7PS
5mdru1p_c,5-Methylthio-5-deoxy-D-ribulose 1-phosphate,-2.0,C6H11O7PS
5mta_c,5-Methylthioadenosine,0.0,C11H15N5O3S
5mthf_c,5-Methyltetrahydrofolate,-1.0,C20H24N7O6
5mtr_c,5-Methylthio-D-ribose,0.0,C6H12O4S
5prdmbz_c,"N1-(5-Phospho-alpha-D-ribosyl)-5,6-dimethylbenzimidazole",-2.0,C14H17N2O7P
6hmhpt_c,6-hydroxymethyl dihydropterin,0.0,C7H9N5O2
6hmhptpp_c,6-hydroxymethyl-dihydropterin pyrophosphate,-3.0,C7H8N5O8P2
6pgc_c,6-Phospho-D-gluconate,-3.0,C6H10O10P
6pgl_c,"6-phospho-D-glucono-1,5-lactone",-2.0,C6H9O9P
8aonn_c,8-Amino-7-oxononanoate,0.0,C9H17NO3
ACP_c,Acyl carrier protein,-1.0,C11H21N2O7PRS
LalaDgluMdapDala_c,"L-alanine-D-glutamate-meso-2,6-diaminoheptanedioate-D-alanine",-1.0,C18H30N5O9
LalaDgluMdapDala_e,"L-alanine-D-glutamate-meso-2,6-diaminoheptanedioate-D-alanine",-1.0,C18H30N5O9
LalaDgluMdapDala_p,"L-alanine-D-glutamate-meso-2,6-diaminoheptanedioate-D-alanine",-1.0,C18H30N5O9
LalaDgluMdap_c,"L-alanine-D-glutamate-meso-2,6-diaminoheptanedioate",-1.0,C15H25N4O8
LalaDgluMdap_e,"L-alanine-D-glutamate-meso-2,6-diaminoheptanedioate",-1.0,C15H25N4O8
LalaDgluMdap_p,"L-alanine-D-glutamate-meso-2,6-diaminoheptanedioate",-1.0,C15H25N4O8
LalaDglu_c,L-alanine-D-glutamate,-1.0,C8H13N2O5
LalaLglu_c,L-alanine-L-glutamate,-1.0,C8H13N2O5
N1aspmd_c,N1-Acetylspermidine,2.0,C9H23N3O
Nmtrp_c,N-Methyltryptophan,0.0,C12H14N2O2
Sfglutth_c,S-Formylglutathione,-1.0,C11H16N3O7S
aacald_c,Aminoacetaldehyde,1.0,C2H6NO
aacoa_c,Acetoacetyl-CoA,-4.0,C25H36N7O18P3S
aact_c,Aminoacetone,1.0,C3H8NO
acACP_c,Acetyl-ACP,-1.0,C13H23N2O8PRS
ac_c,Acetate,-1.0,C2H3O2
ac_e,Acetate,-1.0,C2H3O2
ac_p,Acetate,-1.0,C2H3O2
acac_c,Acetoacetate,-1.0,C4H5O3
acac_e,Acetoacetate,-1.0,C4H5O3
acac_p,Acetoacetate,-1.0,C4H5O3
acald_c,Acetaldehyde,0.0,C2H4O
acald_e,Acetaldehyde,0.0,C2H4O
acald_p,Acetaldehyde,0.0,C2H4O
acanth_c,N-Acetylanthranilate,-1.0,C9H8NO3
accoa_c,Acetyl-CoA,-4.0,C23H34N7O17P3S
acetol_c,Acetol cytosol,0.0,C3H6O2
acg5p_c,N-Acetyl-L-glutamyl 5-phosphate,-3.0,C7H9NO8P
acg5sa_c,N-Acetyl-L-glutamate 5-semialdehyde,-1.0,C7H10NO4
acgal1p_e,N-Acetyl-D-galactosamine 1-phosphate,-2.0,C8H14NO9P
acgal1p_p,N-Acetyl-D-galactosamine 1-phosphate,-2.0,C8H14NO9P
acgal_e,N-Acetyl-D-galactosamine,0.0,C8H15NO6
acgal_p,N-Acetyl-D-galactosamine,0.0,C8H15NO6
acgam1p_c,N-Acetyl-D-glucosamine 1-phosphate,-2.0,C8H14NO9P
acgam1p_e,N-Acetyl-D-glucosamine 1-phosphate,-2.0,C8H14NO9P
acgam1p_p,N-Acetyl-D-glucosamine 1-phosphate,-2.0,C8H14NO9P
acgam6p_c,N-Acetyl-D-glucosamine 6-phosphate,-2.0,C8H14NO9P
acgam_c,N-Acetyl-D-glucosamine,0.0,C8H15NO6
acgam_e,N-Acetyl-D-glucosamine,0.0,C8H15NO6
acgam_p,N-Acetyl-D-glucosamine,0.0,C8H15NO6
acglc__D_c,6-Acetyl-D-glucose,0.0,C8H14O7
acglu_c,N-Acetyl-L-glutamate,-2.0,C7H9NO5
acmalt_c,Acetyl-maltose,0.0,C14H24O12
acmana_c,N-Acetyl-D-mannosamine,0.0,C8H15NO6
acmana_e,N-Acetyl-D-mannosamine,0.0,C8H15NO6
acmana_p,N-Acetyl-D-mannosamine,0.0,C8H15NO6
acmanap_c,N-Acetyl-D-mannosamine 6-phosphate,-2.0,C8H14NO9P
acmum6p_c,N-acetylmuramate 6-phosphate,-3.0,C11H17NO11P
acmum_e,N-Acetylmuramate,-1.0,C11H18NO8
acmum_p,N-Acetylmuramate,-1.0,C11H18NO8
acnam_c,N-Acetylneuraminate,-1.0,C11H18NO9
acnam_e,N-Acetylneuraminate,-1.0,C11H18NO9
acnam_p,N-Acetylneuraminate,-1.0,C11H18NO9
acolipa_e,4-Amino-4-deoxy-L-arabinose modified core oligosaccharide lipid A,-9.0,C181H314N3O103P4
acolipa_p,4-Amino-4-deoxy-L-arabinose modified core oligosaccharide lipid A,-9.0,C181H314N3O103P4
acon_C_c,Cis-Aconitate,-3.0,C6H3O6
acon_T_c,Trans-Aconitate,-3.0,C6H3O6
aconm_c,E-3-carboxy-2-pentenedioate 6-methyl ester,-2.0,C7H6O6
acorn_c,N2-Acetyl-L-ornithine,0.0,C7H14N2O3
acser_c,O-Acetyl-L-serine,0.0,C5H9NO4
acser_e,O-Acetyl-L-serine,0.0,C5H9NO4
acser_p,O-Acetyl-L-serine,0.0,C5H9NO4
actACP_c,Acetoacetyl-ACP,-1.0,C15H25N2O9PRS
actp_c,Acetyl phosphate,-2.0,C2H3O5P
ade_c,Adenine,0.0,C5H5N5
ade_e,Adenine,0.0,C5H5N5
ade_p,Adenine,0.0,C5H5N5
adn_c,Adenosine,0.0,C10H13N5O4
adn_e,Adenosine,0.0,C10H13N5O4
adn_p,Adenosine,0.0,C10H13N5O4
adocbi_c,Adenosyl cobinamide,1.0,C58H84CoN16O11
adocbip_c,Adenosyl cobinamide phosphate,-1.0,C58H83CoN16O14P
adocbl_c,Adenosylcobalamin,0.0,C72H100CoN18O17P
adocbl_e,Adenosylcobalamin,0.0,C72H100CoN18O17P
adocbl_p,Adenosylcobalamin,0.0,C72H100CoN18O17P
adp_c,ADP C10H12N5O10P2,-3.0,C10H12N5O10P2
adpglc_c,ADPglucose C16H23N5O15P2,-2.0,C16H23N5O15P2
adphep_DD_c,ADP-D-glycero-D-manno-heptose,-2.0,C17H25N5O16P2
adphep_LD_c,ADP-L-glycero-D-manno-heptose,-2.0,C17H25N5O16P2
adprib_c,ADPribose C15H21N5O14P2,-2.0,C15H21N5O14P2
ag_c,Silver,1.0,Ag
ag_e,Silver,1.0,Ag
agdpcbi_c,Adenosine-GDP-cobinamide,-1.0,C68H95CoN21O21P2
agm_c,Agmatine,2.0,C5H16N4
agm_e,Agmatine,2.0,C5H16N4
agm_p,Agmatine,2.0,C5H16N4
ahcys_c,S-Adenosyl-L-homocysteine,0.0,C14H20N6O5S
ahdt_c,"2-Amino-4-hydroxy-6-(erythro-1,2,3-trihydroxypropyl)dihydropteridine triphosphate",-4.0,C9H12N5O13P3
aicar_c,5-Amino-1-(5-Phospho-D-ribosyl)imidazole-4-carboxamide,-2.0,C9H13N4O8P
air_c,5-amino-1-(5-phospho-D-ribosyl)imidazole,-2.0,C8H12N3O7P
akg_c,2-Oxoglutarate,-2.0,C5H4O5
akg_e,2-Oxoglutarate,-2.0,C5H4O5
akg_p,2-Oxoglutarate,-2.0,C5H4O5
ala_B_c,Beta-Alanine,0.0,C3H7NO2
ala_B_e,Beta-Alanine,0.0,C3H7NO2
ala_B_p,Beta-Alanine,0.0,C3H7NO2
ala__D_c,D-Alanine,0.0,C3H7NO2
ala__D_e,D-Alanine,0.0,C3H7NO2
ala__D_p,D-Alanine,0.0,C3H7NO2
ala__L_c,L-Alanine,0.0,C3H7NO2
ala__L_e,L-Alanine,0.0,C3H7NO2
ala__L_p,L-Alanine,0.0,C3H7NO2
alaala_c,D-Alanyl-D-alanine,0.0,C6H12N2O3
alaala_e,D-Alanyl-D-alanine,0.0,C6H12N2O3
alaala_p,D-Alanyl-D-alanine,0.0,C6H12N2O3
alac__S_c,(S)-2-Acetolactate,-1.0,C5H7O4
alatrna_c,L-Alanyl-tRNA(Ala),1.0,C3H6NOR
all6p_c,D-Allose 6-phosphate,-2.0,C6H11O9P
all__D_c,D-Allose,0.0,C6H12O6
all__D_e,D-Allose,0.0,C6H12O6
all__D_p,D-Allose,0.0,C6H12O6
alltn_c,Allantoin,0.0,C4H6N4O3
alltn_e,Allantoin,0.0,C4H6N4O3
alltn_p,Allantoin,0.0,C4H6N4O3
alltt_c,Allantoate,-1.0,C4H7N4O4
allul6p_c,Allulose 6-phosphate,-2.0,C6H11O9P
alpp_p,Applipoprotein,0.0,X
altrn_c,D-Altronate,-1.0,C6H11O7
amet_c,S-Adenosyl-L-methionine,1.0,C15H23N6O5S
ametam_c,S-Adenosylmethioninamine,2.0,C14H24N6O3S
amob_c,S-Adenosyl-4-methylthio-2-oxobutanoate,0.0,C15H19N5O6S
amp_c,AMP C10H12N5O7P,-2.0,C10H12N5O7P
amp_e,AMP C10H12N5O7P,-2.0,C10H12N5O7P
amp_p,AMP C10H12N5O7P,-2.0,C10H12N5O7P
anhgm3p_c,N-Acetyl-D-glucosamine(anhydrous)N-Acetylmuramyl-tripeptide,-2.0,C34H52N6O19
anhgm3p_p,N-Acetyl-D-glucosamine(anhydrous)N-Acetylmuramyl-tripeptide,-2.0,C34H52N6O19
anhgm4p_c,N-Acetyl-D-glucosamine(anhydrous)N-Acetylmuramyl-tetrapeptide,-2.0,C37H57N7O20
anhgm4p_p,N-Acetyl-D-glucosamine(anhydrous)N-Acetylmuramyl-tetrapeptide,-2.0,C37H57N7O20
anhgm_c,N-Acetyl-D-glucosamine(anhydrous)N-Acetylmuramic acid,-1.0,C19H29N2O12
anhgm_e,N-Acetyl-D-glucosamine(anhydrous)N-Acetylmuramic acid,-1.0,C19H29N2O12
anhgm_p,N-Acetyl-D-glucosamine(anhydrous)N-Acetylmuramic acid,-1.0,C19H29N2O12
anhm3p_c,"1,6-anhydrous-N-Acetylmuramyl-tripeptide",-2.0,C26H39N5O14
anhm4p_c,"1,6-anhydrous-N-Acetylmuramyl-tetrapeptide",-2.0,C29H44N6O15
anhm_c,"1,6-anhydrous-N-Acetylmuramate",-1.0,C11H16NO7
anth_c,Anthranilate,-1.0,C7H6NO2
ap4a_c,"P1,P4-Bis(5'-adenosyl) tetraphosphate",-4.0,C20H24N10O19P4
ap5a_c,"P1,P5-Bis(5'-adenosyl) pentaphosphate",-5.0,C20H24N10O22P5
apg120_c,Acyl phosphatidylglycerol (n-C12:0),-1.0,C42H80O11P
apg140_c,Acyl phosphatidylglycerol (n-C14:0),-1.0,C48H92O11P
apg141_c,Acyl phosphatidylglycerol (n-C14:1),-1.0,C48H86O11P
apg160_c,Acyl phosphatidylglycerol (n-C16:0),-1.0,C54H104O11P
apg161_c,Acyl phosphatidylglycerol (n-C16:1),-1.0,C54H98O11P
apg180_c,Acyl phosphatidylglycerol (n-C18:0),-1.0,C60H116O11P
apg181_c,Acyl phosphatidylglycerol (n-C18:1),-1.0,C60H110O11P
apoACP_c,Apoprotein [acyl carrier protein],0.0,RHO
aps_c,Adenosine 5'-phosphosulfate,-2.0,C10H12N5O10PS
ara5p_c,D-Arabinose 5-phosphate,-2.0,C5H9O8P
arab__L_c,L-Arabinose,0.0,C5H10O5
arab__L_e,L-Arabinose,0.0,C5H10O5
arab__L_p,L-Arabinose,0.0,C5H10O5
aragund_c,O-acetyl-rhamanosyl-N-acetylglucosamyl-undecaprenyl diphosphate,-2.0,C71H115N1O17P2
arbt6p_c,Arbutin 6-phosphate,-2.0,C12H15O10P
arbtn_fe3_c,Aerobactin,0.0,C22H33FeN4O13
arbtn_fe3_e,Aerobactin,0.0,C22H33FeN4O13
arbtn_fe3_p,Aerobactin,0.0,C22H33FeN4O13
arbtn_c,Aerobactin minus Fe3,-3.0,C22H33N4O13
arbtn_e,Aerobactin minus Fe3,-3.0,C22H33N4O13
arbtn_p,Aerobactin minus Fe3,-3.0,C22H33N4O13
arg__L_c,L-Arginine,1.0,C6H15N4O2
arg__L_e,L-Arginine,1.0,C6H15N4O2
arg__L_p,L-Arginine,1.0,C6H15N4O2
argsuc_c,N(omega)-(L-Arginino)succinate,-1.0,C10H17N4O6
argtrna_c,L-Arginyl-tRNA(Arg),2.0,C6H14N4OR
ascb6p_c,L-ascorbate-6-phosphate,-2.0,C6H7O9P
ascb__L_e,L-Ascorbate,0.0,C6H8O6
ascb__L_p,L-Ascorbate,0.0,C6H8O6
asn__L_c,L-Asparagine,0.0,C4H8N2O3
asn__L_e,L-Asparagine,0.0,C4H8N2O3
asn__L_p,L-Asparagine,0.0,C4H8N2O3
asntrna_c,L-Asparaginyl-tRNA(Asn),1.0,C14H24N2O12PR2
aso3_c,Arsenite,-3.0,AsO3
aso3_e,Arsenite,-3.0,AsO3
aso3_p,Arsenite,-3.0,AsO3
aso4_c,Arsenate,-3.0,AsO4
asp__L_c,L-Aspartate,-1.0,C4H6NO4
asp__L_e,L-Aspartate,-1.0,C4H6NO4
asp__L_p,L-Aspartate,-1.0,C4H6NO4
aspsa_c,L-Aspartate 4-semialdehyde,0.0,C4H7NO3
asptrna_c,L-Aspartyl-tRNA(Asp),0.0,C4H5NO3R
athr__L_c,L-Allo-threonine,0.0,C4H9NO3
atp_c,ATP C10H12N5O13P3,-4.0,C10H12N5O13P3
b2coa_c,Crotonoyl-CoA,-4.0,C25H36N7O17P3S
bbtcoa_c,Gamma-butyrobetainyl-CoA,-3.0,C28H46N8O17P3S
betald_c,Betaine aldehyde,1.0,C5H12NO
bglycogen_c,Branching glycogen,0.0,C6H10O5
btal_c,Butanal C4H8O,0.0,C4H8O
btcoa_c,Butanoyl-CoA,-4.0,C25H38N7O17P3S
btn_c,Biotin,-1.0,C10H15N2O3S
btnso_c,D-biotin d-sulfoxide,-1.0,C10H15N2O4S
but2eACP_c,But-2-enoyl-[acyl-carrier protein],-1.0,C15H25N2O8PRS
butACP_c,Butyryl-ACP (n-C4:0ACP),-1.0,C15H27N2O8PRS
but_c,Butyrate (n-C4:0),-1.0,C4H7O2
but_e,Butyrate (n-C4:0),-1.0,C4H7O2
but_p,Butyrate (n-C4:0),-1.0,C4H7O2
butso3_c,Butanesulfonate,-1.0,C4H9O3S
butso3_e,Butanesulfonate,-1.0,C4H9O3S
butso3_p,Butanesulfonate,-1.0,C4H9O3S
ca2_c,Calcium,2.0,Ca
ca2_e,Calcium,2.0,Ca
ca2_p,Calcium,2.0,Ca
camp_c,CAMP C10H11N5O6P,-1.0,C10H11N5O6P
cbasp_c,N-Carbamoyl-L-aspartate,-2.0,C5H6N2O5
cbi_c,Cobinamide,0.0,C48H72CoN11O8
cbi_e,Cobinamide,0.0,C48H72CoN11O8
cbi_p,Cobinamide,0.0,C48H72CoN11O8
cbl1_c,Cob(I)alamin,-1.0,C62H88CoN13O14P
cbl1_e,Cob(I)alamin,-1.0,C62H88CoN13O14P
cbl1_p,Cob(I)alamin,-1.0,C62H88CoN13O14P
cbp_c,Carbamoyl phosphate,-2.0,CH2NO5P
cd2_c,Cadmium,2.0,Cd
cd2_e,Cadmium,2.0,Cd
cd2_p,Cadmium,2.0,Cd
cddec5eACP_c,Cis-dodec-5-enoyl-[acyl-carrier protein] (n-C12:1),-1.0,C23H41N2O8PRS
cdec3eACP_c,Cis-dec-3-enoyl-[acyl-carrier protein] (n-C10:1),-1.0,C21H37N2O8PRS
cdp_c,CDP C9H12N3O11P2,-3.0,C9H12N3O11P2
cdpdddecg_c,"CDP-1,2-didodecanoylglycerol",-2.0,C36H63N3O15P2
cdpdhdec9eg_c,"CDP-1,2-dihexadec-9-enoylglycerol",-2.0,C44H75N3O15P2
cdpdhdecg_c,"CDP-1,2-dihexadecanoylglycerol",-2.0,C44H79N3O15P2
cdpdodec11eg_c,"CDP-1,2-dioctadec-11-enoylglycerol",-2.0,C48H83N3O15P2
cdpdodecg_c,"CDP-1,2-dioctadecanoylglycerol",-2.0,C48H87N3O15P2
cdpdtdec7eg_c,"CDP-1,2-ditetradec-7-enoylglycerol",-2.0,C40H67N3O15P2
cdpdtdecg_c,"CDP-1,2-ditetradecanoylglycerol",-2.0,C40H71N3O15P2
cechddd_c,"Cis-3-(3-carboxyethyl)-3,5-cyclohexadiene-1,2-diol",-1.0,C9H11O4
cenchddd_c,"Cis-3-(3-carboxyethenyl)-3,5-cyclohexadiene-1,2-diol",-1.0,C9H9O4
cgly_c,Cys Gly C5H10N2O3S,0.0,C5H10N2O3S
cgly_e,Cys Gly C5H10N2O3S,0.0,C5H10N2O3S
cgly_p,Cys Gly C5H10N2O3S,0.0,C5H10N2O3S
chol_c,Choline C5H14NO,1.0,C5H14NO
chol_e,Choline C5H14NO,1.0,C5H14NO
chol_p,Choline C5H14NO,1.0,C5H14NO
chor_c,Chorismate,-2.0,C10H8O6
cinnm_c,Trans-Cinnamate,-1.0,C9H7O2
cit_c,Citrate,-3.0,C6H5O7
cit_e,Citrate,-3.0,C6H5O7
cit_p,Citrate,-3.0,C6H5O7
citr__L_c,L-Citrulline,0.0,C6H13N3O3
ckdo_c,CMP-3-deoxy-D-manno-octulosonate,-2.0,C17H24N3O15P
cl_c,Chloride,-1.0,Cl
cl_e,Chloride,-1.0,Cl
cl_p,Chloride,-1.0,Cl
clpn120_p,"Cardiolipin (tetradodecanoyl, n-C12:0)",-2.0,C57H108O17P2
clpn140_p,"Cardiolipin (tetratetradecanoyl, n-C14:0)",-2.0,C65H124O17P2
clpn141_p,"Cardiolipin (tetratetradec-7-enoyl, n-C14:1)",-2.0,C65H116O17P2
clpn160_p,"Cardiolipin (tetrahexadecanoyl, n-C16:0)",-2.0,C73H140O17P2
clpn161_p,"Cardiolipin (tetrahexadec-9-enoyl, n-C16:1)",-2.0,C73H132O17P2
clpn180_p,"Cardiolipin (tetraoctadecanoyl, n-C18:0)",-2.0,C81H156O17P2
clpn181_p,"Cardiolipin (tetraoctadec-11-enoyl, n-C18:1)",-2.0,C81H148O17P2
cmp_c,CMP C9H12N3O8P,-2.0,C9H12N3O8P
cmp_e,CMP C9H12N3O8P,-2.0,C9H12N3O8P
cmp_p,CMP C9H12N3O8P,-2.0,C9H12N3O8P
co2_c,CO2 CO2,0.0,CO2
co2_e,CO2 CO2,0.0,CO2
co2_p,CO2 CO2,0.0,CO2
coa_c,Coenzyme A,-4.0,C21H32N7O16P3S
cobalt2_c,Co2+,2.0,Co
cobalt2_e,Co2+,2.0,Co
cobalt2_p,Co2+,2.0,Co
colipa_c,Core oligosaccharide lipid A,-11.0,C176H303N2O100P4
colipa_e,Core oligosaccharide lipid A,-11.0,C176H303N2O100P4
colipa_p,Core oligosaccharide lipid A,-11.0,C176H303N2O100P4
cpe160_c,"Cyclopropane phosphatidylethanolamine (dihexadec-9,10-cyclo-anoyl, n-C16:0 cyclo)",0.0,C39H74N1O8P1
cpe180_c,"Cyclopropane phosphatidylethanolamine (dioctadec-11,12-cyclo-anoyl, n-C18:0 cyclo)",0.0,C43H82N1O8P1
cpg160_c,"Cyclopropane phosphatidylglycerol (dihexadec-9,10-cyclo-anoyl, n-C16:0 cyclo)",-1.0,C40H74O10P1
cpg180_c,"Cyclopropane phosphatidylglycerol (dioctadec-11,12-cyclo-anoyl, n-C18:0 cyclo)",-1.0,C44H82O10P1
cpgn_un_c,Coprogen unloaded (no Fe(III)),-4.0,C35H52N6O13
cpgn_un_e,Coprogen unloaded (no Fe(III)),-4.0,C35H52N6O13
cpgn_un_p,Coprogen unloaded (no Fe(III)),-4.0,C35H52N6O13
cpgn_c,Coprogen,-1.0,C35H52N6O13Fe
cpgn_e,Coprogen,-1.0,C35H52N6O13Fe
cpgn_p,Coprogen,-1.0,C35H52N6O13Fe
cpppg3_c,Coproporphyrinogen III,-4.0,C36H40N4O8
crnDcoa_c,D-carnitinyl-CoA,-3.0,C28H46N8O18P3S
crn__D_c,D-Carnitine,0.0,C7H15NO3
crn__D_p,D-Carnitine,0.0,C7H15NO3
crn_c,L-Carnitine,0.0,C7H15NO3
crn_e,L-Carnitine,0.0,C7H15NO3
crn_p,L-Carnitine,0.0,C7H15NO3
crncoa_c,L-Carnitinyl-CoA,-3.0,C28H46N8O18P3S
csn_c,Cytosine,0.0,C4H5N3O
csn_e,Cytosine,0.0,C4H5N3O
csn_p,Cytosine,0.0,C4H5N3O
ctbt_c,Crotonobetaine,0.0,C7H13NO2
ctbt_p,Crotonobetaine,0.0,C7H13NO2
ctbtcoa_c,Crotonobetainyl-CoA,-3.0,C28H44N8O17P3S
ctp_c,CTP C9H12N3O14P3,-4.0,C9H12N3O14P3
cu2_c,Copper,2.0,Cu
cu2_e,Copper,2.0,Cu
cu2_p,Copper,2.0,Cu
cu_c,Cu+,1.0,Cu
cu_e,Cu+,1.0,Cu
cu_p,Cu+,1.0,Cu
cyan_c,Hydrogen cyanide,0.0,CHN
cyan_e,Hydrogen cyanide,0.0,CHN
cyan_p,Hydrogen cyanide,0.0,CHN
cynt_c,Cyanate,-1.0,CNO
cynt_e,Cyanate,-1.0,CNO
cynt_p,Cyanate,-1.0,CNO
cys__D_c,D-Cysteine,0.0,C3H7NO2S
cys__D_e,D-Cysteine,0.0,C3H7NO2S
cys__D_p,D-Cysteine,0.0,C3H7NO2S
cys__L_c,L-Cysteine,0.0,C3H7NO2S
cys__L_e,L-Cysteine,0.0,C3H7NO2S
cys__L_p,L-Cysteine,0.0,C3H7NO2S
cyst__L_c,L-Cystathionine,0.0,C7H14N2O4S
cystrna_c,L-Cysteinyl-tRNA(Cys),1.0,C3H6NOSR
cytd_c,Cytidine,0.0,C9H13N3O5
cytd_e,Cytidine,0.0,C9H13N3O5
cytd_p,Cytidine,0.0,C9H13N3O5
dad_2_c,Deoxyadenosine,0.0,C10H13N5O3
dad_2_e,Deoxyadenosine,0.0,C10H13N5O3
dad_2_p,Deoxyadenosine,0.0,C10H13N5O3
dad_5_c,5'-Deoxyadenosine,0.0,C10H13N5O3
dadp_c,DADP C10H12N5O9P2,-3.0,C10H12N5O9P2
damp_c,DAMP C10H12N5O6P,-2.0,C10H12N5O6P
damp_e,DAMP C10H12N5O6P,-2.0,C10H12N5O6P
damp_p,DAMP C10H12N5O6P,-2.0,C10H12N5O6P
dann_c,"7,8-Diaminononanoate",1.0,C9H21N2O2
datp_c,DATP C10H12N5O12P3,-4.0,C10H12N5O12P3
db4p_c,"3,4-dihydroxy-2-butanone 4-phosphate",-2.0,C4H7O6P
dc2coa_c,Trans-Dec-2-enoyl-CoA,-4.0,C31H48N7O17P3S
dcaACP_c,Decanoyl-ACP (n-C10:0ACP),-1.0,C21H39N2O8PRS
dca_c,Decanoate (n-C10:0),-1.0,C10H19O2
dca_e,Decanoate (n-C10:0),-1.0,C10H19O2
dca_p,Decanoate (n-C10:0),-1.0,C10H19O2
dcacoa_c,Decanoyl-CoA (n-C10:0CoA),-4.0,C31H50N7O17P3S
dcamp_c,"N6-(1,2-Dicarboxyethyl)-AMP",-4.0,C14H14N5O11P
dcdp_c,DCDP C9H12N3O10P2,-3.0,C9H12N3O10P2
dcmp_c,DCMP C9H12N3O7P,-2.0,C9H12N3O7P
dcmp_e,DCMP C9H12N3O7P,-2.0,C9H12N3O7P
dcmp_p,DCMP C9H12N3O7P,-2.0,C9H12N3O7P
dctp_c,DCTP C9H12N3O13P3,-4.0,C9H12N3O13P3
dcyt_c,Deoxycytidine,0.0,C9H13N3O4
dcyt_e,Deoxycytidine,0.0,C9H13N3O4
dcyt_p,Deoxycytidine,0.0,C9H13N3O4
dd2coa_c,Trans-Dodec-2-enoyl-CoA,-4.0,C33H52N7O17P3S
ddcaACP_c,Dodecanoyl-ACP (n-C12:0ACP),-1.0,C23H43N2O8PRS
ddca_c,Dodecanoate (n-C12:0),-1.0,C12H23O2
ddca_e,Dodecanoate (n-C12:0),-1.0,C12H23O2
ddca_p,Dodecanoate (n-C12:0),-1.0,C12H23O2
ddcacoa_c,Dodecanoyl-CoA (n-C12:0CoA),-4.0,C33H54N7O17P3S
dgdp_c,DGDP C10H12N5O10P2,-3.0,C10H12N5O10P2
dgmp_c,DGMP C10H12N5O7P,-2.0,C10H12N5O7P
dgmp_e,DGMP C10H12N5O7P,-2.0,C10H12N5O7P
dgmp_p,DGMP C10H12N5O7P,-2.0,C10H12N5O7P
dgsn_c,Deoxyguanosine,0.0,C10H13N5O4
dgsn_e,Deoxyguanosine,0.0,C10H13N5O4
dgsn_p,Deoxyguanosine,0.0,C10H13N5O4
dgtp_c,DGTP C10H12N5O13P3,-4.0,C10H12N5O13P3
dha_c,Dihydroxyacetone,0.0,C3H6O3
dha_e,Dihydroxyacetone,0.0,C3H6O3
dha_p,Dihydroxyacetone,0.0,C3H6O3
dhap_c,Dihydroxyacetone phosphate,-2.0,C3H5O6P
dhcinnm_c,"2,3-dihydroxicinnamic acid",-1.0,C9H7O4
dhf_c,"7,8-Dihydrofolate",-2.0,C19H19N7O6
dhmptp_c,Dihydromonapterin-triphosphate,-4.0,C9H12N5O13P3
dhna_c,"1,4-Dihydroxy-2-naphthoate",-1.0,C11H7O4
dhnpt_c,Dihydroneopterin,0.0,C9H13N5O4
dhor__S_c,(S)-Dihydroorotate,-1.0,C5H5N2O4
dhpmp_c,Dihydroneopterin monophosphate,-2.0,C9H12N5O7P
dhpppn_c,"3-(2,3-Dihydroxyphenyl)propanoate",-1.0,C9H9O4
dhpt_c,Dihydropteroate,-1.0,C14H13N6O3
dhptd_c,"4,5-dihydroxy-2,3-pentanedione",0.0,C5H8O4
didp_c,DIDP; 2'-deoxyinosine-5'-diphosphate(3-),-3.0,C10H11N4O10P2
dimp_c,DIMP C10H12N4O7P,-2.0,C10H11N4O7P
dimp_e,DIMP C10H12N4O7P,-2.0,C10H11N4O7P
dimp_p,DIMP C10H12N4O7P,-2.0,C10H11N4O7P
din_c,Deoxyinosine,0.0,C10H12N4O4
din_e,Deoxyinosine,0.0,C10H12N4O4
din_p,Deoxyinosine,0.0,C10H12N4O4
ditp_c,DITP(4-),-4.0,C10H11N4O13P3
dkmpp_c,"2,3-diketo-5-methylthio-1-phosphopentane",-2.0,C6H9O6PS
dmbzid_c,"5,6-Dimethylbenzimidazole",0.0,C9H10N2
dmlz_c,"6,7-Dimethyl-8-(1-D-ribityl)lumazine",0.0,C13H18N4O6
dmpp_c,Dimethylallyl diphosphate,-3.0,C5H9O7P2
dms_c,Dimethyl sulfide,0.0,C2H6S
dms_e,Dimethyl sulfide,0.0,C2H6S
dms_p,Dimethyl sulfide,0.0,C2H6S
dmso_c,Dimethyl sulfoxide,0.0,C2H6OS
dmso_e,Dimethyl sulfoxide,0.0,C2H6OS
dmso_p,Dimethyl sulfoxide,0.0,C2H6OS
dnad_c,Deamino-NAD+,-2.0,C21H24N6O15P2
dopa_e,Dopamine,1.0,C8H12NO2
dopa_p,Dopamine,1.0,C8H12NO2
dpcoa_c,Dephospho-CoA,-2.0,C21H33N7O13P2S
dsbaox_p,Periplasmic protein disulfide isomerase I (oxidized),0.0,X
dsbard_p,Periplasmic protein disulfide isomerase I (reduced),0.0,XH2
dsbcox_p,Protein disulfide isomerase II (oxidized),0.0,X
dsbcrd_p,Protein disulfide isomerase II (reduced),0.0,XH2
dsbdox_c,Fused thiol:disulfide interchange protein (oxidized),0.0,X
dsbdrd_c,Fused thiol:disulfide interchange protein (reduced),0.0,XH2
dsbgox_p,Periplasmic disulfide isomerase/thiol-disulphide oxidase (oxidized),0.0,X
dsbgrd_p,Periplasmic disulfide isomerase/thiol-disulphide oxidase (reduced),0.0,XH2
dscl_c,Dihydrosirohydrochlorin,-7.0,C42H41N4O16
dtbt_c,Dethiobiotin,-1.0,C10H17N2O3
dtdp4aaddg_c,"DTDP-4-acetamido-4,6-dideoxy-D-galactose",-2.0,C18H27N3O15P2
dtdp4addg_c,"DTDP-4-amino-4,6-dideoxy-D-galactose",-1.0,C16H26N3O14P2
dtdp4d6dg_c,DTDP-4-dehydro-6-deoxy-D-glucose,-2.0,C16H22N2O15P2
dtdp4d6dm_c,DTDP-4-dehydro-6-deoxy-L-mannose,-2.0,C16H22N2O15P2
dtdp_c,DTDP C10H13N2O11P2,-3.0,C10H13N2O11P2
dtdpglu_c,DTDPglucose,-2.0,C16H24N2O16P2
dtdprmn_c,DTDP-L-rhamnose,-2.0,C16H24N2O15P2
dtmp_c,DTMP C10H13N2O8P,-2.0,C10H13N2O8P
dtmp_e,DTMP C10H13N2O8P,-2.0,C10H13N2O8P
dtmp_p,DTMP C10H13N2O8P,-2.0,C10H13N2O8P
dttp_c,DTTP C10H13N2O14P3,-4.0,C10H13N2O14P3
dudp_c,DUDP C9H11N2O11P2,-3.0,C9H11N2O11P2
dump_c,DUMP C9H11N2O8P,-2.0,C9H11N2O8P
dump_e,DUMP C9H11N2O8P,-2.0,C9H11N2O8P
dump_p,DUMP C9H11N2O8P,-2.0,C9H11N2O8P
duri_c,Deoxyuridine,0.0,C9H12N2O5
duri_e,Deoxyuridine,0.0,C9H12N2O5
duri_p,Deoxyuridine,0.0,C9H12N2O5
dutp_c,DUTP C9H11N2O14P3,-4.0,C9H11N2O14P3
dxyl5p_c,1-deoxy-D-xylulose 5-phosphate,-2.0,C5H9O7P
dxyl_c,1-deoxy-D-xylulose,0.0,C5H10O4
e4p_c,D-Erythrose 4-phosphate,-2.0,C4H7O7P
eca2und_p,(enterobacterial common antigen)x2 undecaprenyl-diphosphate,-4.0,C103H162N6O37P2
eca3und_p,(enterobacterial common antigen)x3 undecaprenyl-diphosphate,-5.0,C127H198N9O52P2
eca4colipa_e,(enterobacterial common antigen)x4 core oligosaccharide lipid A,-15.0,C272H447N14O160P4
eca4colipa_p,(enterobacterial common antigen)x4 core oligosaccharide lipid A,-15.0,C272H447N14O160P4
eca4und_p,(enterobacterial common antigen)x4 undecaprenyl-diphosphate,-6.0,C151H234N12O67P2
eig3p_c,D-erythro-1-(Imidazol-4-yl)glycerol 3-phosphate,-2.0,C6H9N2O6P
enlipa_e,Phosphoethanolamine KDO(2)-lipid (A),-6.0,C112H202N3O42P3
enlipa_p,Phosphoethanolamine KDO(2)-lipid (A),-6.0,C112H202N3O42P3
enter_c,Enterochelin,0.0,C30H27N3O15
enter_e,Enterochelin,0.0,C30H27N3O15
enter_p,Enterochelin,0.0,C30H27N3O15
etha_c,Ethanolamine,1.0,C2H8NO
etha_e,Ethanolamine,1.0,C2H8NO
etha_p,Ethanolamine,1.0,C2H8NO
ethso3_c,Ethanesulfonate,-1.0,C2H5O3S
ethso3_e,Ethanesulfonate,-1.0,C2H5O3S
ethso3_p,Ethanesulfonate,-1.0,C2H5O3S
etoh_c,Ethanol,0.0,C2H6O
etoh_e,Ethanol,0.0,C2H6O
etoh_p,Ethanol,0.0,C2H6O
f1p_c,D-Fructose 1-phosphate,-2.0,C6H11O9P
f6p_c,D-Fructose 6-phosphate,-2.0,C6H11O9P
f6p_e,D-Fructose 6-phosphate,-2.0,C6H11O9P
f6p_p,D-Fructose 6-phosphate,-2.0,C6H11O9P
fad_c,Flavin adenine dinucleotide oxidized,-2.0,C27H31N9O15P2
fadh2_c,Flavin adenine dinucleotide reduced,-2.0,C27H33N9O15P2
fald_c,Formaldehyde,0.0,CH2O
fald_e,Formaldehyde,0.0,CH2O
fald_p,Formaldehyde,0.0,CH2O
fc1p_c,L-Fuculose 1-phosphate,-2.0,C6H11O8P
fcl__L_c,L-fuculose,0.0,C6H12O5
fdp_c,"D-Fructose 1,6-bisphosphate",-4.0,C6H10O12P2
fe2_c,Fe2+ mitochondria,2.0,Fe
fe2_e,Fe2+ mitochondria,2.0,Fe
fe2_p,Fe2+ mitochondria,2.0,Fe
fe3_c,Iron (Fe3+),3.0,Fe
fe3_e,Iron (Fe3+),3.0,Fe
fe3_p,Iron (Fe3+),3.0,Fe
fe3dcit_e,Fe(III)dicitrate,-3.0,C12H10FeO14
fe3dcit_p,Fe(III)dicitrate,-3.0,C12H10FeO14
fe3dhbzs_c,"Ferric 2,3-dihydroxybenzoylserine",2.0,C10H10NO6Fe
fe3dhbzs_e,"Ferric 2,3-dihydroxybenzoylserine",2.0,C10H10NO6Fe
fe3dhbzs_p,"Ferric 2,3-dihydroxybenzoylserine",2.0,C10H10NO6Fe
fe3hox_un_c,"Fe(III)hydoxamate, unloaded",-3.0,C9H18O6N3
fe3hox_un_e,"Fe(III)hydoxamate, unloaded",-3.0,C9H18O6N3
fe3hox_un_p,"Fe(III)hydoxamate, unloaded",-3.0,C9H18O6N3
fe3hox_c,Fe(III)hydroxamate,0.0,C9H18O6N3Fe
fe3hox_e,Fe(III)hydroxamate,0.0,C9H18O6N3Fe
fe3hox_p,Fe(III)hydroxamate,0.0,C9H18O6N3Fe
fecrm_un_c,Ferrichrome minus Fe(III),-3.0,C27H42N9O12
fecrm_un_e,Ferrichrome minus Fe(III),-3.0,C27H42N9O12
fecrm_un_p,Ferrichrome minus Fe(III),-3.0,C27H42N9O12
fecrm_c,Ferrichrome,0.0,C27H42FeN9O12
fecrm_e,Ferrichrome,0.0,C27H42FeN9O12
fecrm_p,Ferrichrome,0.0,C27H42FeN9O12
feenter_c,Fe-enterobactin,3.0,C30H27FeN3O15
feenter_e,Fe-enterobactin,3.0,C30H27FeN3O15
feenter_p,Fe-enterobactin,3.0,C30H27FeN3O15
feoxam_un_c,Ferroxamine minus Fe(3),-2.0,C25H46N6O8
feoxam_un_e,Ferroxamine minus Fe(3),-2.0,C25H46N6O8
feoxam_un_p,Ferroxamine minus Fe(3),-2.0,C25H46N6O8
feoxam_c,Generic ferrioxamine-Fe-III,1.0,C25H46FeN6O8
feoxam_e,Generic ferrioxamine-Fe-III,1.0,C25H46FeN6O8
feoxam_p,Generic ferrioxamine-Fe-III,1.0,C25H46FeN6O8
fgam_c,N2-Formyl-N1-(5-phospho-D-ribosyl)glycinamide,-2.0,C8H13N2O9P
fldox_c,Flavodoxin (oxidized) - obsolete,0.0,X
fldrd_c,Flavodoxin (reduced) - obsolete,0.0,XH2
fmettrna_c,N-Formylmethionyl-tRNA,0.0,C6H9NO2SR
fmn_c,FMN C17H19N4O9P,-2.0,C17H19N4O9P
fmnh2_c,Reduced FMN,-2.0,C17H21N4O9P
for_c,Formate,-1.0,CH1O2
for_e,Formate,-1.0,CH1O2
for_p,Formate,-1.0,CH1O2
fpram_c,2-(Formamido)-N1-(5-phospho-D-ribosyl)acetamidine,-1.0,C8H15N3O8P
fprica_c,5-Formamido-1-(5-phospho-D-ribosyl)imidazole-4-carboxamide,-2.0,C10H13N4O9P
frdp_c,Farnesyl diphosphate,-3.0,C15H25O7P2
fru_c,D-Fructose,0.0,C6H12O6
fru_e,D-Fructose,0.0,C6H12O6
fru_p,D-Fructose,0.0,C6H12O6
frulys_c,Fructoselysine,1.0,C12H25N2O7
frulys_e,Fructoselysine,1.0,C12H25N2O7
frulys_p,Fructoselysine,1.0,C12H25N2O7
frulysp_c,Fructoselysine Phosphate,-1.0,C12H24N2O10P
fruur_c,D-Fructuronate,-1.0,C6H9O7
fruur_e,D-Fructuronate,-1.0,C6H9O7
fruur_p,D-Fructuronate,-1.0,C6H9O7
fuc__L_c,L-Fucose,0.0,C6H12O5
fuc__L_e,L-Fucose,0.0,C6H12O5
fuc__L_p,L-Fucose,0.0,C6H12O5
fum_c,Fumarate,-2.0,C4H2O4
fum_e,Fumarate,-2.0,C4H2O4
fum_p,Fumarate,-2.0,C4H2O4
g1p_c,D-Glucose 1-phosphate,-2.0,C6H11O9P
g1p_e,D-Glucose 1-phosphate,-2.0,C6H11O9P
g1p_p,D-Glucose 1-phosphate,-2.0,C6H11O9P
g3p_c,Glyceraldehyde 3-phosphate,-2.0,C3H5O6P
g3pc_c,Sn-Glycero-3-phosphocholine,0.0,C8H20NO6P
g3pc_e,Sn-Glycero-3-phosphocholine,0.0,C8H20NO6P
g3pc_p,Sn-Glycero-3-phosphocholine,0.0,C8H20NO6P
g3pe_c,Sn-Glycero-3-phosphoethanolamine,0.0,C5H14NO6P
g3pe_e,Sn-Glycero-3-phosphoethanolamine,0.0,C5H14NO6P
g3pe_p,Sn-Glycero-3-phosphoethanolamine,0.0,C5H14NO6P
g3pg_c,Glycerophosphoglycerol,-1.0,C6H14O8P
g3pg_e,Glycerophosphoglycerol,-1.0,C6H14O8P
g3pg_p,Glycerophosphoglycerol,-1.0,C6H14O8P
g3pi_c,Sn-Glycero-3-phospho-1-inositol,-1.0,C9H18O11P
g3pi_e,Sn-Glycero-3-phospho-1-inositol,-1.0,C9H18O11P
g3pi_p,Sn-Glycero-3-phospho-1-inositol,-1.0,C9H18O11P
g3ps_c,Glycerophosphoserine,-1.0,C6H13NO8P
g3ps_e,Glycerophosphoserine,-1.0,C6H13NO8P
g3ps_p,Glycerophosphoserine,-1.0,C6H13NO8P
g6p_c,D-Glucose 6-phosphate,-2.0,C6H11O9P
g6p_e,D-Glucose 6-phosphate,-2.0,C6H11O9P
g6p_p,D-Glucose 6-phosphate,-2.0,C6H11O9P
gagicolipa_c,Galactosyl-glucosyl-inner core oligosaccharide lipid A,-11.0,C157H271N2O84P4
gal1p_c,Alpha-D-Galactose 1-phosphate,-2.0,C6H11O9P
gal1p_e,Alpha-D-Galactose 1-phosphate,-2.0,C6H11O9P
gal1p_p,Alpha-D-Galactose 1-phosphate,-2.0,C6H11O9P
gal_bD_e,Beta D-Galactose,0.0,C6H12O6
gal_bD_p,Beta D-Galactose,0.0,C6H12O6
gal_c,D-Galactose,0.0,C6H12O6
gal_e,D-Galactose,0.0,C6H12O6
gal_p,D-Galactose,0.0,C6H12O6
galct__D_c,D-Galactarate,-2.0,C6H8O8
galct__D_e,D-Galactarate,-2.0,C6H8O8
galct__D_p,D-Galactarate,-2.0,C6H8O8
galctn__D_c,D-Galactonate,-1.0,C6H11O7
galctn__D_e,D-Galactonate,-1.0,C6H11O7
galctn__D_p,D-Galactonate,-1.0,C6H11O7
galctn__L_c,L-Galactonate,-1.0,C6H11O7
galctn__L_e,L-Galactonate,-1.0,C6H11O7
galctn__L_p,L-Galactonate,-1.0,C6H11O7
galt1p_c,Galactitol 1-phosphate,-2.0,C6H13O9P
galt_e,Galactitol,0.0,C6H14O6
galt_p,Galactitol,0.0,C6H14O6
galur_c,D-Galacturonate,-1.0,C6H9O7
galur_e,D-Galacturonate,-1.0,C6H9O7
galur_p,D-Galacturonate,-1.0,C6H9O7
gam1p_c,D-Glucosamine 1-phosphate,-1.0,C6H13NO8P
gam6p_c,D-Glucosamine 6-phosphate,-1.0,C6H13NO8P
gam6p_e,D-Glucosamine 6-phosphate,-1.0,C6H13NO8P
gam6p_p,D-Glucosamine 6-phosphate,-1.0,C6H13NO8P
gam_e,D-Glucosamine,1.0,C6H14NO5
gam_p,D-Glucosamine,1.0,C6H14NO5
gar_c,N1-(5-Phospho-D-ribosyl)glycinamide,-1.0,C7H14N2O8P
garagund_c,Glucosyl-O-acetyl-rhamanosyl-N-acetylglucosamyl-undecaprenyl diphosphate,-2.0,C77H125N1O22P2
gbbtn_c,Gamma-butyrobetaine,0.0,C7H15NO2
gbbtn_e,Gamma-butyrobetaine,0.0,C7H15NO2
gbbtn_p,Gamma-butyrobetaine,0.0,C7H15NO2
gcald_c,Glycolaldehyde,0.0,C2H4O2
gdp_c,GDP C10H12N5O11P2,-3.0,C10H12N5O11P2
gdp_e,GDP C10H12N5O11P2,-3.0,C10H12N5O11P2
gdp_p,GDP C10H12N5O11P2,-3.0,C10H12N5O11P2
gdpddman_c,GDP-4-dehydro-6-deoxy-D-mannose,-2.0,C16H21N5O15P2
gdpfuc_c,GDP-L-fucose,-2.0,C16H23N5O15P2
gdpmann_c,GDP-D-mannose,-2.0,C16H23N5O16P2
gdpofuc_c,GDP-4-oxo-L-fucose,-2.0,C16H21N5O15P2
gdptp_c,Guanosine 3'-diphosphate 5'-triphosphate,-7.0,C10H11N5O20P5
gfgaragund_c,Galactofuranosyl-glucosyl-O-acetyl-rhamanosyl-N-acetylglucosamyl-undecaprenyl diphosphate,-2.0,C83H135N1O27P2
gg4abut_c,Gamma-glutamyl-gamma aminobutyric acid,-1.0,C9H15O5N2
ggagicolipa_c,Glucosyl-galactosyl-glucosyl-inner core oligosaccharide lipid A,-11.0,C163H281N2O89P4
ggbutal_c,Gamma-glutamyl-gamma-butyraldehyde,0.0,C9H16O4N2
gggagicolipa_c,Glucosyl-glucosyl-galactosyl-glucosyl-inner core oligosaccharide lipid A,-11.0,C169H291N2O94P4
ggptrc_c,Gamma-glutamyl-putrescine,1.0,C9H20O3N3
gicolipa_c,Glucosyl-inner core oligosaccharide lipid A,-11.0,C151H261N2O79P4
glc__D_c,D-Glucose,0.0,C6H12O6
glc__D_e,D-Glucose,0.0,C6H12O6
glc__D_p,D-Glucose,0.0,C6H12O6
glcn_c,D-Gluconate,-1.0,C6H11O7
glcn_e,D-Gluconate,-1.0,C6H11O7
glcn_p,D-Gluconate,-1.0,C6H11O7
glcr_c,D-Glucarate,-2.0,C6H8O8
glcr_e,D-Glucarate,-2.0,C6H8O8
glcr_p,D-Glucarate,-2.0,C6H8O8
glcur1p_e,D-Glucuronate 1-phosphate,-3.0,C6H8O10P
glcur1p_p,D-Glucuronate 1-phosphate,-3.0,C6H8O10P
glcur_c,D-Glucuronate,-1.0,C6H9O7
glcur_e,D-Glucuronate,-1.0,C6H9O7
glcur_p,D-Glucuronate,-1.0,C6H9O7
gln__L_c,L-Glutamine,0.0,C5H10N2O3
gln__L_e,L-Glutamine,0.0,C5H10N2O3
gln__L_p,L-Glutamine,0.0,C5H10N2O3
glntrna_c,L-Glutaminyl-tRNA(Gln),1.0,C5H9N2O2R
glu1sa_c,L-Glutamate 1-semialdehyde,0.0,C5H9NO3
glu5p_c,L-Glutamate 5-phosphate,-2.0,C5H8NO7P
glu5sa_c,L-Glutamate 5-semialdehyde,0.0,C5H9NO3
glu__D_c,D-Glutamate,-1.0,C5H8NO4
glu__L_c,L-Glutamate,-1.0,C5H8NO4
glu__L_e,L-Glutamate,-1.0,C5H8NO4
glu__L_p,L-Glutamate,-1.0,C5H8NO4
glucys_c,Gamma-L-Glutamyl-L-cysteine,-1.0,C8H13N2O5S
glutrna_c,L-Glutamyl-tRNA(Glu),0.0,C5H7NO3R
glx_c,Glyoxylate,-1.0,C2H1O3
gly_c,Glycine,0.0,C2H5NO2
gly_e,Glycine,0.0,C2H5NO2
gly_p,Glycine,0.0,C2H5NO2
glyald_c,D-Glyceraldehyde,0.0,C3H6O3
glyald_e,D-Glyceraldehyde,0.0,C3H6O3
glyald_p,D-Glyceraldehyde,0.0,C3H6O3
glyb_c,Glycine betaine,0.0,C5H11NO2
glyb_e,Glycine betaine,0.0,C5H11NO2
glyb_p,Glycine betaine,0.0,C5H11NO2
glyc2p_e,Glycerol 2-phosphate,-2.0,C3H7O6P
glyc2p_p,Glycerol 2-phosphate,-2.0,C3H7O6P
glyc3p_c,Glycerol 3-phosphate,-2.0,C3H7O6P
glyc3p_e,Glycerol 3-phosphate,-2.0,C3H7O6P
glyc3p_p,Glycerol 3-phosphate,-2.0,C3H7O6P
glyc__R_c,(R)-Glycerate,-1.0,C3H5O4
glyc__R_e,(R)-Glycerate,-1.0,C3H5O4
glyc__R_p,(R)-Glycerate,-1.0,C3H5O4
glyc_c,Glycerol,0.0,C3H8O3
glyc_e,Glycerol,0.0,C3H8O3
glyc_p,Glycerol,0.0,C3H8O3
glyclt_c,Glycolate C2H3O3,-1.0,C2H3O3
glyclt_e,Glycolate C2H3O3,-1.0,C2H3O3
glyclt_p,Glycolate C2H3O3,-1.0,C2H3O3
glycogen_c,Glycogen C6H10O5,0.0,C6H10O5
glytrna_c,Glycyl-tRNA(Gly),1.0,C2H4NOR
gmhep17bp_c,"D-Glycero-D-manno-heptose 1,7-bisphosphate",-4.0,C7H12O13P2
gmhep1p_c,D-Glycero-D-manno-heptose 1-phosphate,-2.0,C7H13O10P
gmhep7p_c,D-Glycero-D-manno-heptose 7-phosphate,-2.0,C7H13O10P
gmp_c,GMP C10H12N5O8P,-2.0,C10H12N5O8P
gmp_e,GMP C10H12N5O8P,-2.0,C10H12N5O8P
gmp_p,GMP C10H12N5O8P,-2.0,C10H12N5O8P
gp4g_c,"P1,P4-Bis(5'-guanosyl) tetraphosphate",-4.0,C20H24N10O21P4
grdp_c,Geranyl diphosphate,-3.0,C10H17O7P2
grxox_c,Glutaredoxin (oxidized),0.0,X
grxrd_c,Glutaredoxin (reduced),0.0,XH2
gsn_c,Guanosine,0.0,C10H13N5O5
gsn_e,Guanosine,0.0,C10H13N5O5
gsn_p,Guanosine,0.0,C10H13N5O5
gthox_c,Oxidized glutathione,-2.0,C20H30N6O12S2
gthox_e,Oxidized glutathione,-2.0,C20H30N6O12S2
gthox_p,Oxidized glutathione,-2.0,C20H30N6O12S2
gthrd_c,Reduced glutathione,-1.0,C10H16N3O6S
gthrd_e,Reduced glutathione,-1.0,C10H16N3O6S
gthrd_p,Reduced glutathione,-1.0,C10H16N3O6S
gtp_c,GTP C10H12N5O14P3,-4.0,C10H12N5O14P3
gtp_e,GTP C10H12N5O14P3,-4.0,C10H12N5O14P3
gtp_p,GTP C10H12N5O14P3,-4.0,C10H12N5O14P3
gtspmd_c,Glutathionylspermidine,2.0,C17H36N6O5S
gua_c,Guanine,0.0,C5H5N5O
gua_e,Guanine,0.0,C5H5N5O
gua_p,Guanine,0.0,C5H5N5O
h2_c,Hydrogen,0.0,H2
h2_e,Hydrogen,0.0,H2
h2_p,Hydrogen,0.0,H2
h2mb4p_c,1-hydroxy-2-methyl-2-(E)-butenyl 4-diphosphate,-3.0,C5H9O8P2
h2o2_c,Hydrogen peroxide,0.0,H2O2
h2o2_e,Hydrogen peroxide,0.0,H2O2
h2o2_p,Hydrogen peroxide,0.0,H2O2
h2o_c,H2O H2O,0.0,H2O
h2o_e,H2O H2O,0.0,H2O
h2o_p,H2O H2O,0.0,H2O
h2s_c,Hydrogen sulfide,0.0,H2S
h2s_e,Hydrogen sulfide,0.0,H2S
h2s_p,Hydrogen sulfide,0.0,H2S
h_c,H+,1.0,H
h_e,H+,1.0,H
h_p,H+,1.0,H
hacolipa_e,Hepta-acylated core oligosaccharide lipid A (E. coli),-11.0,C192H333N2O101P4
halipa_e,Hepta-acylated KDO(2)-lipid (A),-6.0,C126H226N2O40P2
hco3_c,Bicarbonate,-1.0,CHO3
hcys__L_c,L-Homocysteine,0.0,C4H9NO2S
hdca_c,Hexadecanoate (n-C16:0),-1.0,C16H31O2
hdca_e,Hexadecanoate (n-C16:0),-1.0,C16H31O2
hdca_p,Hexadecanoate (n-C16:0),-1.0,C16H31O2
hdcea_c,Hexadecenoate (n-C16:1),-1.0,C16H29O2
hdcea_e,Hexadecenoate (n-C16:1),-1.0,C16H29O2
hdcea_p,Hexadecenoate (n-C16:1),-1.0,C16H29O2
hdcoa_c,Hexadecenoyl-CoA (n-C16:1CoA),-4.0,C37H60N7O17P3S
hdd2coa_c,Trans-Hexadec-2-enoyl-CoA,-4.0,C37H60N7O17P3S
hdeACP_c,Cis-hexadec-9-enoyl-[acyl-carrier protein] (n-C16:1),-1.0,C27H49N2O8PRS
hemeO_c,Heme O C49H56FeN4O5,-2.0,C49H56FeN4O5
hexACP_c,Hexanoyl-ACP (n-C6:0ACP),-1.0,C17H31N2O8PRS
hg2_c,Mercury  charged 2  Hg,2.0,Hg
hg2_e,Mercury  charged 2  Hg,2.0,Hg
hg2_p,Mercury  charged 2  Hg,2.0,Hg
hhlipa_c,Heptosyl-heptosyl-kdo2-lipidA,-6.0,C124H220N2O51P2
his__L_c,L-Histidine,0.0,C6H9N3O2
his__L_e,L-Histidine,0.0,C6H9N3O2
his__L_p,L-Histidine,0.0,C6H9N3O2
hisp_c,L-Histidinol phosphate,-1.0,C6H11N3O4P
histd_c,L-Histidinol,1.0,C6H12N3O
histrna_c,L-Histidyl-tRNA(His),1.0,C6H8N3OR
hkndd_c,"2-Hydroxy-6-oxonona-2,4-diene-1,9-dioate",-2.0,C9H8O6
hkntd_c,2-hydroxy-6-ketononatrienedioate,-2.0,C9H6O6
hlipa_c,Heptosyl-kdo2-lipidA,-6.0,C117H208N2O45P2
hmbil_c,Hydroxymethylbilane,-8.0,C40H38N4O17
hmfurn_c,4-hydroxy-5-methyl-3(2H)-furanone,0.0,C5H6O3
hmgth_c,Hydroxymethylglutathione,-1.0,C11H18N3O7S
hom__L_c,L-Homoserine,0.0,C4H9NO3
hom__L_e,L-Homoserine,0.0,C4H9NO3
hom__L_p,L-Homoserine,0.0,C4H9NO3
hphhlipa_c,Heptosyl-phospho-heptosyl-heptosyl-kdo2-lipidA,-8.0,C131H231N2O60P3
hpyr_c,Hydroxypyruvate,-1.0,C3H3O4
hqn_c,Hydroquinone,0.0,C6H6O2
hx2coa_c,Trans-Hex-2-enoyl-CoA,-4.0,C27H40N7O17P3S
hxa_c,Hexanoate (n-C6:0),-1.0,C6H11O2
hxa_e,Hexanoate (n-C6:0),-1.0,C6H11O2
hxa_p,Hexanoate (n-C6:0),-1.0,C6H11O2
hxan_c,Hypoxanthine,0.0,C5H4N4O
hxan_e,Hypoxanthine,0.0,C5H4N4O
hxan_p,Hypoxanthine,0.0,C5H4N4O
hxcoa_c,Hexanoyl-CoA (n-C6:0CoA),-4.0,C27H42N7O17P3S
iasp_c,Iminoaspartate,-2.0,C4H3NO4
ichor_c,Isochorismate,-2.0,C10H8O6
icit_c,Isocitrate,-3.0,C6H5O7
icolipa_c,Inner core oligosaccharide lipid A (E coli),-11.0,C145H251N2O74P4
idon__L_c,L-Idonate,-1.0,C6H11O7
idon__L_e,L-Idonate,-1.0,C6H11O7
idon__L_p,L-Idonate,-1.0,C6H11O7
idp_c,IDP C10H11N4O11P2,-3.0,C10H11N4O11P2
ile__L_c,L-Isoleucine,0.0,C6H13NO2
ile__L_e,L-Isoleucine,0.0,C6H13NO2
ile__L_p,L-Isoleucine,0.0,C6H13NO2
iletrna_c,L-Isoleucyl-tRNA(Ile),1.0,C6H12NOR
imacp_c,3-(Imidazol-4-yl)-2-oxopropyl phosphate,-2.0,C6H7N2O5P
imp_c,IMP C10H11N4O8P,-2.0,C10H11N4O8P
imp_e,IMP C10H11N4O8P,-2.0,C10H11N4O8P
imp_p,IMP C10H11N4O8P,-2.0,C10H11N4O8P
indole_c,Indole,0.0,C8H7N
indole_e,Indole,0.0,C8H7N
indole_p,Indole,0.0,C8H7N
inost_c,Myo-Inositol,0.0,C6H12O6
inost_e,Myo-Inositol,0.0,C6H12O6
inost_p,Myo-Inositol,0.0,C6H12O6
ins_c,Inosine,0.0,C10H12N4O5
ins_e,Inosine,0.0,C10H12N4O5
ins_p,Inosine,0.0,C10H12N4O5
ipdp_c,Isopentenyl diphosphate,-3.0,C5H9O7P2
isetac_c,Isethionic acid,-1.0,C2H5O4S
isetac_e,Isethionic acid,-1.0,C2H5O4S
isetac_p,Isethionic acid,-1.0,C2H5O4S
itp_c,ITP C10H11N4O14P3,-4.0,C10H11N4O14P3
k_c,Potassium,1.0,K
k_e,Potassium,1.0,K
k_p,Potassium,1.0,K
kdo2lipid4L_c,KDO(2)-lipid IV(A) with laurate,-6.0,C96H170N2O38P2
kdo2lipid4_c,KDO(2)-lipid IV(A),-6.0,C84H148N2O37P2
kdo2lipid4_e,KDO(2)-lipid IV(A),-6.0,C84H148N2O37P2
kdo2lipid4_p,KDO(2)-lipid IV(A),-6.0,C84H148N2O37P2
kdo2lipid4p_c,KDO(2)-lipid IV(A) with palmitoleoyl,-6.0,C100H176N2O38P2
kdo8p_c,3-Deoxy-D-manno-octulosonate 8-phosphate,-3.0,C8H12O11P
kdo_c,3-Deoxy-D-manno-2-octulosonate,-1.0,C8H13O8
kdolipid4_c,KDO-lipid IV(A),-5.0,C76H137N2O30P2
kphphhlipa_c,Kdo-phospho-heptosyl-phospho-heptosyl-heptosyl-kdo2-lipidA,-11.0,C139H241N2O70P4
lac__D_c,D-Lactate,-1.0,C3H5O3
lac__D_e,D-Lactate,-1.0,C3H5O3
lac__D_p,D-Lactate,-1.0,C3H5O3
lac__L_c,L-Lactate,-1.0,C3H5O3
lac__L_e,L-Lactate,-1.0,C3H5O3
lac__L_p,L-Lactate,-1.0,C3H5O3
lald__D_c,D-Lactaldehyde,0.0,C3H6O2
lald__L_c,L-Lactaldehyde,0.0,C3H6O2
lcts_c,Lactose C12H22O11,0.0,C12H22O11
lcts_e,Lactose C12H22O11,0.0,C12H22O11
lcts_p,Lactose C12H22O11,0.0,C12H22O11
leu__L_c,L-Leucine,0.0,C6H13NO2
leu__L_e,L-Leucine,0.0,C6H13NO2
leu__L_p,L-Leucine,0.0,C6H13NO2
leutrna_c,L-Leucyl-tRNA(Leu),1.0,C6H12NOR
lgt__S_c,(R)-S-Lactoylglutathione,-1.0,C13H20N3O8S
lipa_c,KDO(2)-lipid (A),-6.0,C110H196N2O39P2
lipa_cold_c,Cold adapted KDO(2)-lipid (A),-6.0,C114H202N2O39P2
lipa_cold_e,Cold adapted KDO(2)-lipid (A),-6.0,C114H202N2O39P2
lipa_cold_p,Cold adapted KDO(2)-lipid (A),-6.0,C114H202N2O39P2
lipa_e,KDO(2)-lipid (A),-6.0,C110H196N2O39P2
lipa_p,KDO(2)-lipid (A),-6.0,C110H196N2O39P2
lipidA_c,"2,3,2'3'-Tetrakis(beta-hydroxymyristoyl)-D-glucosaminyl-1,6-beta-D-glucosamine 1,4'-bisphosphate",-4.0,C68H126N2O23P2
lipidAds_c,Lipid A Disaccharide,-2.0,C68H127N2O20P
lipidX_c,"2,3-Bis(3-hydroxytetradecanoyl)-beta-D-glucosaminyl 1-phosphate",-2.0,C34H64NO12P
lpp_p,Lipoprotein,0.0,XC16H30O1
lys__L_c,L-Lysine,1.0,C6H15N2O2
lys__L_e,L-Lysine,1.0,C6H15N2O2
lys__L_p,L-Lysine,1.0,C6H15N2O2
lystrna_c,L-Lysine-tRNA (Lys),2.0,C6H14N2OR
lyx__L_c,L-Lyxose,0.0,C5H10O5
lyx__L_e,L-Lyxose,0.0,C5H10O5
lyx__L_p,L-Lyxose,0.0,C5H10O5
malACP_c,Malonyl-[acyl-carrier protein],-2.0,C14H22N2O10PRS
mal__D_c,D-Malate,-2.0,C4H4O5
mal__D_e,D-Malate,-2.0,C4H4O5
mal__D_p,D-Malate,-2.0,C4H4O5
mal__L_c,L-Malate,-2.0,C4H4O5
mal__L_e,L-Malate,-2.0,C4H4O5
mal__L_p,L-Malate,-2.0,C4H4O5
malcoa_c,Malonyl CoA C24H33N7O19P3S,-5.0,C24H33N7O19P3S
malt6p_c,Maltose 6'-phosphate,-2.0,C12H21O14P
malt_c,Maltose C12H22O11,0.0,C12H22O11
malt_e,Maltose C12H22O11,0.0,C12H22O11
malt_p,Maltose C12H22O11,0.0,C12H22O11
malthp_c,Maltoheptaose,0.0,C42H72O36
malthx_c,Maltohexaose,0.0,C36H62O31
malthx_e,Maltohexaose,0.0,C36H62O31
malthx_p,Maltohexaose,0.0,C36H62O31
maltpt_c,Maltopentaose,0.0,C30H52O26
maltpt_e,Maltopentaose,0.0,C30H52O26
maltpt_p,Maltopentaose,0.0,C30H52O26
malttr_c,Maltotriose C18H32O16,0.0,C18H32O16
malttr_e,Maltotriose C18H32O16,0.0,C18H32O16
malttr_p,Maltotriose C18H32O16,0.0,C18H32O16
maltttr_c,Maltotetraose,0.0,C24H42O21
maltttr_e,Maltotetraose,0.0,C24H42O21
maltttr_p,Maltotetraose,0.0,C24H42O21
man1p_c,D-Mannose 1-phosphate,-2.0,C6H11O9P
man6p_c,D-Mannose 6-phosphate,-2.0,C6H11O9P
man6p_e,D-Mannose 6-phosphate,-2.0,C6H11O9P
man6p_p,D-Mannose 6-phosphate,-2.0,C6H11O9P
man6pglyc_c,2(alpha-D-Mannosyl-6-phosphate)-D-glycerate,-3.0,C9H14O12P
man_c,D-Mannose,0.0,C6H12O6
man_e,D-Mannose,0.0,C6H12O6
man_p,D-Mannose,0.0,C6H12O6
mana_c,D-Mannonate,-1.0,C6H11O7
manglyc_e,2(alpha-D-Mannosyl)-D-glycerate,-1.0,C9H15O9
manglyc_p,2(alpha-D-Mannosyl)-D-glycerate,-1.0,C9H15O9
melib_c,Melibiose C12H22O11,0.0,C12H22O11
melib_e,Melibiose C12H22O11,0.0,C12H22O11
melib_p,Melibiose C12H22O11,0.0,C12H22O11
mercppyr_c,Mercaptopyruvate,-1.0,C3H3O3S
met__D_c,D-Methionine,0.0,C5H10NO2S
met__D_e,D-Methionine,0.0,C5H10NO2S
met__D_p,D-Methionine,0.0,C5H10NO2S
met__L_c,L-Methionine,0.0,C5H11NO2S
met__L_e,L-Methionine,0.0,C5H11NO2S
met__L_p,L-Methionine,0.0,C5H11NO2S
methf_c,"5,10-Methenyltetrahydrofolate",-1.0,C20H20N7O6
metsox_R__L_c,L-methionine-R-sulfoxide,0.0,C5H11NO3S
metsox_R__L_e,L-methionine-R-sulfoxide,0.0,C5H11NO3S
metsox_R__L_p,L-methionine-R-sulfoxide,0.0,C5H11NO3S
metsox_S__L_c,L-Methionine Sulfoxide,0.0,C5H11NO3S
metsox_S__L_e,L-Methionine Sulfoxide,0.0,C5H11NO3S
metsox_S__L_p,L-Methionine Sulfoxide,0.0,C5H11NO3S
mettrna_c,L-Methionyl-tRNA (Met),1.0,C5H10NOSR
mg2_c,Magnesium,2.0,Mg
mg2_e,Magnesium,2.0,Mg
mg2_p,Magnesium,2.0,Mg
mi1p__D_c,1D-myo-Inositol 1-phosphate,-2.0,C6H11O9P
micit_c,Methylisocitrate,-3.0,C7H7O7
minohp_e,Myo-Inositol hexakisphosphate,-12.0,C6H6O24P6
minohp_p,Myo-Inositol hexakisphosphate,-12.0,C6H6O24P6
mlthf_c,"5,10-Methylenetetrahydrofolate",-2.0,C20H21N7O6
mmcoa__R_c,(R)-Methylmalonyl-CoA,-5.0,C25H35N7O19P3S
mmcoa__S_c,(S)-Methylmalonyl-CoA,-5.0,C25H35N7O19P3S
mmet_c,S-Methyl-L-methionine,1.0,C6H14NO2S
mmet_e,S-Methyl-L-methionine,1.0,C6H14NO2S
mmet_p,S-Methyl-L-methionine,1.0,C6H14NO2S
mn2_c,Manganese,2.0,Mn
mn2_e,Manganese,2.0,Mn
mn2_p,Manganese,2.0,Mn
mnl1p_c,D-Mannitol 1-phosphate,-2.0,C6H13O9P
mnl_e,D-Mannitol,0.0,C6H14O6
mnl_p,D-Mannitol,0.0,C6H14O6
mobd_c,Molybdate,-2.0,MoO4
mobd_e,Molybdate,-2.0,MoO4
mobd_p,Molybdate,-2.0,MoO4
mql8_c,Menaquinol 8,0.0,C51H74O2
mqn8_c,Menaquinone 8,0.0,C51H72O2
mso3_c,Methanesulfonate,-1.0,CH3O3S
mso3_e,Methanesulfonate,-1.0,CH3O3S
mso3_p,Methanesulfonate,-1.0,CH3O3S
mthgxl_c,Methylglyoxal,0.0,C3H4O2
murein3p3p_p,"Two linked disacharide tripeptide murein units (uncrosslinked, middle of chain)",-4.0,C68H104N12O38
murein3px3p_p,"Two disacharide linked murein units, tripeptide crosslinked tripeptide (A2pm->A2pm) (middle of chain)",-4.0,C68H102N12O37
murein3px4p_p,"Two disacharide linked murein units, tripeptide crosslinked tetrapeptide (A2pm->D-ala) (middle of chain)",-4.0,C71H107N13O38
murein4p3p_p,"Two linked disacharide tetrapeptide and tripeptide murein units (uncrosslinked, middle of chain)",-4.0,C71H109N13O39
murein4p4p_p,"Two linked disacharide tetrapeptide murein units (uncrosslinked, middle of chain)",-4.0,C74H114N14O40
murein4px4p4p_p,"Three disacharide linked murein units (tetrapeptide crosslinked tetrapeptide (A2pm->D-ala), one uncrosslinked tetrapaptide) (middle of chain)",-6.0,C111H169N21O59
murein4px4p_p,"Two disacharide linked murein units, tetrapeptide corsslinked tetrapeptide (A2pm->D-ala) (middle of chain)",-4.0,C74H112N14O39
murein4px4px4p_p,Three disacharide linked murein units (tetrapeptide crosslinked tetrapeptide (A2pm->D-ala) & tetrapeptide corsslinked tetrapeptide (A2pm->D-ala)) (middle of chain),-6.0,C111H167N21O58
murein5p3p_p,"Two linked disacharide pentapeptide and tripeptide murein units (uncrosslinked, middle of chain)",-4.0,C74H114N14O40
murein5p4p_p,"Two linked disacharide pentapeptide and tetrapeptide murein units (uncrosslinked, middle of chain)",-4.0,C77H119N15O41
murein5p5p5p_p,"Three linked disacharide pentapeptide murein units (uncrosslinked, middle of chain)",-6.0,C120H186N24O63
murein5p5p_p,"Two linked disacharide pentapeptide murein units (uncrosslinked, middle of chain)",-4.0,C80H124N16O42
murein5px3p_p,"Two disacharide linked murein units, pentapeptide corsslinked tripeptide (A2pm->A2pm) (middle of chain)",-4.0,C74H112N14O39
murein5px4p_p,"Two disacharide linked murein units, pentapeptide crosslinked tetrapeptide (A2pm->D-ala) (middle of chain)",-4.0,C77H117N15O40
murein5px4px4p_p,Three disacharide linked murein units (pentapeptide crosslinked tetrapeptide (A2pm->D-ala) tetrapeptide corsslinked tetrapeptide (A2pm->D-ala)) (middle of chain),-6.0,C114H172N22O59
myrsACP_c,Myristoyl-ACP (n-C14:0ACP),-1.0,C25H47N2O8PRS
n2o_c,Nitrous oxide,0.0,N2O
n2o_e,Nitrous oxide,0.0,N2O
n2o_p,Nitrous oxide,0.0,N2O
n8aspmd_c,N8-Acetylspermidine,2.0,C9H23N3O
na1_c,Sodium,1.0,Na
na1_e,Sodium,1.0,Na
na1_p,Sodium,1.0,Na
nac_c,Nicotinate,-1.0,C6H4NO2
nac_e,Nicotinate,-1.0,C6H4NO2
nac_p,Nicotinate,-1.0,C6H4NO2
nad_c,Nicotinamide adenine dinucleotide,-1.0,C21H26N7O14P2
nadh_c,Nicotinamide adenine dinucleotide - reduced,-2.0,C21H27N7O14P2
nadp_c,Nicotinamide adenine dinucleotide phosphate,-3.0,C21H25N7O17P3
nadph_c,Nicotinamide adenine dinucleotide phosphate - reduced,-4.0,C21H26N7O17P3
ncam_c,Nicotinamide,0.0,C6H6N2O
nh4_c,Ammonium,1.0,H4N
nh4_e,Ammonium,1.0,H4N
nh4_p,Ammonium,1.0,H4N
ni2_c,Nickel,2.0,Ni
ni2_e,Nickel,2.0,Ni
ni2_p,Nickel,2.0,Ni
nicrnt_c,Nicotinate D-ribonucleotide,-2.0,C11H12NO9P
nmn_c,NMN C11H14N2O8P,-1.0,C11H14N2O8P
nmn_e,NMN C11H14N2O8P,-1.0,C11H14N2O8P
nmn_p,NMN C11H14N2O8P,-1.0,C11H14N2O8P
no2_c,Nitrite,-1.0,NO2
no2_e,Nitrite,-1.0,NO2
no2_p,Nitrite,-1.0,NO2
no3_c,Nitrate,-1.0,NO3
no3_e,Nitrate,-1.0,NO3
no3_p,Nitrate,-1.0,NO3
no_c,Nitric oxide,0.0,NO
no_e,Nitric oxide,0.0,NO
no_p,Nitric oxide,0.0,NO
o16a2und_p,(O16 antigen)x2 undecaprenyl diphosphate,-2.0,C123H200N2O57P2
o16a3und_p,(O16 antigen)x3 undecaprenyl diphosphate,-2.0,C157H255N3O82P2
o16a4colipa_e,(O16 antigen)x4 core oligosaccharide lipid A,-11.0,C312H523N6O200P4
o16a4colipa_p,(O16 antigen)x4 core oligosaccharide lipid A,-11.0,C312H523N6O200P4
o16a4und_p,(O16 antigen)x4 undecaprenyl diphosphate,-2.0,C191H310N4O107P2
o16aund_c,O16 antigen undecaprenyl diphosphate,-2.0,C89H145N1O32P2
o16aund_p,O16 antigen undecaprenyl diphosphate,-2.0,C89H145N1O32P2
o2_c,O2 O2,0.0,O2
o2_e,O2 O2,0.0,O2
o2_p,O2 O2,0.0,O2
o2s_c,Superoxide anion,-1.0,O2
o2s_e,Superoxide anion,-1.0,O2
o2s_p,Superoxide anion,-1.0,O2
oaa_c,Oxaloacetate,-2.0,C4H2O5
oc2coa_c,Trans-Oct-2-enoyl-CoA,-4.0,C29H44N7O17P3S
ocACP_c,Octanoyl-ACP (n-C8:0ACP),-1.0,C19H35N2O8PRS
occoa_c,Octanoyl-CoA (n-C8:0CoA),-4.0,C29H46N7O17P3S
ocdcaACP_c,Octadecanoyl-ACP (n-C18:0ACP),-1.0,C29H55N2O8PRS
ocdca_c,Octadecanoate (n-C18:0),-1.0,C18H35O2
ocdca_e,Octadecanoate (n-C18:0),-1.0,C18H35O2
ocdca_p,Octadecanoate (n-C18:0),-1.0,C18H35O2
ocdcea_c,Octadecenoate (n-C18:1),-1.0,C18H33O2
ocdcea_e,Octadecenoate (n-C18:1),-1.0,C18H33O2
ocdcea_p,Octadecenoate (n-C18:1),-1.0,C18H33O2
octa_c,Octanoate (n-C8:0),-1.0,C8H15O2
octa_e,Octanoate (n-C8:0),-1.0,C8H15O2
octa_p,Octanoate (n-C8:0),-1.0,C8H15O2
octdp_c,All-trans-Octaprenyl diphosphate,-3.0,C40H65O7P2
octeACP_c,Cis-octadec-11-enoyl-[acyl-carrier protein] (n-C18:1),-1.0,C29H53N2O8PRS
od2coa_c,Trans-Octadec-2-enoyl-CoA,-4.0,C39H64N7O17P3S
odecoa_c,Octadecenoyl-CoA (n-C18:1CoA),-4.0,C39H64N7O17P3S
ohpb_c,2-Oxo-3-hydroxy-4-phosphobutanoate,-3.0,C4H4O8P
op4en_c,2-Oxopent-4-enoate,-1.0,C5H5O3
orn_c,Ornithine,1.0,C5H13N2O2
orn_e,Ornithine,1.0,C5H13N2O2
orn_p,Ornithine,1.0,C5H13N2O2
orot5p_c,Orotidine 5'-phosphate,-3.0,C10H10N2O11P
orot_c,Orotate C5H3N2O4,-1.0,C5H3N2O4
orot_e,Orotate C5H3N2O4,-1.0,C5H3N2O4
orot_p,Orotate C5H3N2O4,-1.0,C5H3N2O4
oxam_c,Oxamate,-1.0,C2H2NO3
oxur_c,Oxalureate,-1.0,C3H3N2O4
pa120_c,"1,2-didodecanoyl-sn-glycerol 3-phosphate",-2.0,C27H51O8P1
pa120_p,"1,2-didodecanoyl-sn-glycerol 3-phosphate",-2.0,C27H51O8P1
pa140_c,"1,2-ditetradecanoyl-sn-glycerol 3-phosphate",-2.0,C31H59O8P1
pa140_p,"1,2-ditetradecanoyl-sn-glycerol 3-phosphate",-2.0,C31H59O8P1
pa141_c,"1,2-ditetradec-7-enoyl-sn-glycerol 3-phosphate",-2.0,C31H55O8P1
pa141_p,"1,2-ditetradec-7-enoyl-sn-glycerol 3-phosphate",-2.0,C31H55O8P1
pa160_c,"1,2-dihexadecanoyl-sn-glycerol 3-phosphate",-2.0,C35H67O8P1
pa160_p,"1,2-dihexadecanoyl-sn-glycerol 3-phosphate",-2.0,C35H67O8P1
pa161_c,"1,2-dihexadec-9-enoyl-sn-glycerol 3-phosphate",-2.0,C35H63O8P1
pa161_p,"1,2-dihexadec-9-enoyl-sn-glycerol 3-phosphate",-2.0,C35H63O8P1
pa180_c,"1,2-dioctadecanoyl-sn-glycerol 3-phosphate",-2.0,C39H75O8P1
pa180_p,"1,2-dioctadecanoyl-sn-glycerol 3-phosphate",-2.0,C39H75O8P1
pa181_c,"1,2-dioctadec-11-enoyl-sn-glycerol 3-phosphate",-2.0,C39H71O8P1
pa181_p,"1,2-dioctadec-11-enoyl-sn-glycerol 3-phosphate",-2.0,C39H71O8P1
pac_c,Phenylacetic acid,-1.0,C8H7O2
pacald_c,Phenylacetaldehyde,0.0,C8H8O
pacald_e,Phenylacetaldehyde,0.0,C8H8O
pacald_p,Phenylacetaldehyde,0.0,C8H8O
palmACP_c,Palmitoyl-ACP (n-C16:0ACP),-1.0,C27H51N2O8PRS
pan4p_c,Pantetheine 4'-phosphate,-2.0,C11H21N2O7PS
pant__R_c,(R)-Pantoate,-1.0,C6H11O4
pap_c,"Adenosine 3',5'-bisphosphate",-4.0,C10H11N5O10P2
paps_c,3'-Phosphoadenylyl sulfate,-4.0,C10H11N5O13P2S
pdx5p_c,Pyridoxine 5'-phosphate,-2.0,C8H10NO6P
pe120_c,"Phosphatidylethanolamine (didodecanoyl, n-C12:0)",0.0,C29H58N1O8P1
pe120_p,"Phosphatidylethanolamine (didodecanoyl, n-C12:0)",0.0,C29H58N1O8P1
pe140_c,"Phosphatidylethanolamine (ditetradecanoyl, n-C14:0)",0.0,C33H66N1O8P1
pe140_p,"Phosphatidylethanolamine (ditetradecanoyl, n-C14:0)",0.0,C33H66N1O8P1
pe141_c,"Phosphatidylethanolamine (ditetradec-7-enoyl, n-C14:1)",0.0,C33H62N1O8P1
pe141_p,"Phosphatidylethanolamine (ditetradec-7-enoyl, n-C14:1)",0.0,C33H62N1O8P1
pe160_c,"Phosphatidylethanolamine (dihexadecanoyl, n-C16:0)",0.0,C37H74N1O8P1
pe160_p,"Phosphatidylethanolamine (dihexadecanoyl, n-C16:0)",0.0,C37H74N1O8P1
pe161_c,"Phosphatidylethanolamine (dihexadec-9enoyl, n-C16:1)",0.0,C37H70N1O8P1
pe161_p,"Phosphatidylethanolamine (dihexadec-9enoyl, n-C16:1)",0.0,C37H70N1O8P1
pe180_c,"Phosphatidylethanolamine (dioctadecanoyl, n-C18:0)",0.0,C41H82N1O8P1
pe180_p,"Phosphatidylethanolamine (dioctadecanoyl, n-C18:0)",0.0,C41H82N1O8P1
pe181_c,"Phosphatidylethanolamine (dioctadec-11-enoyl, n-C18:1)",0.0,C41H78N1O8P1
pe181_p,"Phosphatidylethanolamine (dioctadec-11-enoyl, n-C18:1)",0.0,C41H78N1O8P1
peamn_e,Phenethylamine,1.0,C8H12N
peamn_p,Phenethylamine,1.0,C8H12N
pep_c,Phosphoenolpyruvate,-3.0,C3H2O6P
pg120_c,"Phosphatidylglycerol (didodecanoyl, n-C12:0)",-1.0,C30H58O10P1
pg120_p,"Phosphatidylglycerol (didodecanoyl, n-C12:0)",-1.0,C30H58O10P1
pg140_c,"Phosphatidylglycerol (ditetradecanoyl, n-C14:0)",-1.0,C34H66O10P1
pg140_p,"Phosphatidylglycerol (ditetradecanoyl, n-C14:0)",-1.0,C34H66O10P1
pg141_c,"Phosphatidylglycerol (ditetradec-7-enoyl, n-C14:1)",-1.0,C34H62O10P1
pg141_p,"Phosphatidylglycerol (ditetradec-7-enoyl, n-C14:1)",-1.0,C34H62O10P1
pg160_c,"Phosphatidylglycerol (dihexadecanoyl, n-C16:0)",-1.0,C38H74O10P1
pg160_p,"Phosphatidylglycerol (dihexadecanoyl, n-C16:0)",-1.0,C38H74O10P1
pg161_c,"Phosphatidylglycerol (dihexadec-9-enoyl, n-C16:1)",-1.0,C38H70O10P1
pg161_p,"Phosphatidylglycerol (dihexadec-9-enoyl, n-C16:1)",-1.0,C38H70O10P1
pg180_c,"Phosphatidylglycerol (dioctadecanoyl, n-C18:0)",-1.0,C42H82O10P1
pg180_p,"Phosphatidylglycerol (dioctadecanoyl, n-C18:0)",-1.0,C42H82O10P1
pg181_c,"Phosphatidylglycerol (dioctadec-11-enoyl, n-C18:1)",-1.0,C42H78O10P1
pg181_p,"Phosphatidylglycerol (dioctadec-11-enoyl, n-C18:1)",-1.0,C42H78O10P1
pgp120_c,"Phosphatidylglycerophosphate (didodecanoyl, n-C12:0)",-3.0,C30H57O13P2
pgp120_p,"Phosphatidylglycerophosphate (didodecanoyl, n-C12:0)",-3.0,C30H57O13P2
pgp140_c,"Phosphatidylglycerophosphate (ditetradecanoyl, n-C14:0)",-3.0,C34H65O13P2
pgp140_p,"Phosphatidylglycerophosphate (ditetradecanoyl, n-C14:0)",-3.0,C34H65O13P2
pgp141_c,"Phosphatidylglycerophosphate (ditetradec-7-enoyl, n-C14:1)",-3.0,C34H61O13P2
pgp141_p,"Phosphatidylglycerophosphate (ditetradec-7-enoyl, n-C14:1)",-3.0,C34H61O13P2
pgp160_c,"Phosphatidylglycerophosphate (dihexadecanoyl, n-C16:0)",-3.0,C38H73O13P2
pgp160_p,"Phosphatidylglycerophosphate (dihexadecanoyl, n-C16:0)",-3.0,C38H73O13P2
pgp161_c,"Phosphatidylglycerophosphate (dihexadec-9-enoyl, n-C16:1)",-3.0,C38H69O13P2
pgp161_p,"Phosphatidylglycerophosphate (dihexadec-9-enoyl, n-C16:1)",-3.0,C38H69O13P2
pgp180_c,"Phosphatidylglycerophosphate (dioctadecanoyl, n-C18:0)",-3.0,C42H81O13P2
pgp180_p,"Phosphatidylglycerophosphate (dioctadecanoyl, n-C18:0)",-3.0,C42H81O13P2
pgp181_c,"Phosphatidylglycerophosphate (dioctadec-11-enoyl, n-C18:1)",-3.0,C42H77O13P2
pgp181_p,"Phosphatidylglycerophosphate (dioctadec-11-enoyl, n-C18:1)",-3.0,C42H77O13P2
phaccoa_c,Phenylacetyl-CoA,-4.0,C29H38N7O17P3S
phe__L_c,L-Phenylalanine,0.0,C9H11NO2
phe__L_e,L-Phenylalanine,0.0,C9H11NO2
phe__L_p,L-Phenylalanine,0.0,C9H11NO2
pheme_c,Protoheme C34H30FeN4O4,-2.0,C34H30FeN4O4
pheme_e,Protoheme C34H30FeN4O4,-2.0,C34H30FeN4O4
pheme_p,Protoheme C34H30FeN4O4,-2.0,C34H30FeN4O4
phetrna_c,L-Phenylalanyl-tRNA(Phe),1.0,C9H10NOR
phhlipa_c,Phospho-heptosyl-heptosyl-kdo2-lipidA,-8.0,C124H219N2O54P3
phom_c,O-Phospho-L-homoserine,-2.0,C4H8NO6P
phphhlipa_c,Phospho-heptosyl-phospho-heptosyl-heptosyl-kdo2-lipidA,-10.0,C131H230N2O63P4
phpyr_c,Phenylpyruvate,-1.0,C9H7O3
phthr_c,O-Phospho-4-hydroxy-L-threonine,-2.0,C4H8NO7P
pi_c,Phosphate,-2.0,HO4P
pi_e,Phosphate,-2.0,HO4P
pi_p,Phosphate,-2.0,HO4P
pmcoa_c,Pimeloyl-CoA,-5.0,C28H41N7O19P3S
pmtcoa_c,Palmitoyl-CoA (n-C16:0CoA),-4.0,C37H62N7O17P3S
pnto__R_c,(R)-Pantothenate,-1.0,C9H16NO5
pnto__R_e,(R)-Pantothenate,-1.0,C9H16NO5
pnto__R_p,(R)-Pantothenate,-1.0,C9H16NO5
ppa_c,Propionate (n-C3:0),-1.0,C3H5O2
ppa_e,Propionate (n-C3:0),-1.0,C3H5O2
ppa_p,Propionate (n-C3:0),-1.0,C3H5O2
ppal_c,Propanal,0.0,C3H6O
ppal_e,Propanal,0.0,C3H6O
ppal_p,Propanal,0.0,C3H6O
ppap_c,Propanoyl phosphate,-2.0,C3H5O5P
ppbng_c,Porphobilinogen,-1.0,C10H13N2O4
ppcoa_c,Propanoyl-CoA,-4.0,C24H36N7O17P3S
ppgpp_c,"Guanosine 3',5'-bis(diphosphate)",-6.0,C10H11N5O17P4
pphn_c,Prephenate,-2.0,C10H8O6
ppi_c,Diphosphate,-3.0,HO7P2
ppp9_c,Protoporphyrin,-2.0,C34H32N4O4
pppg9_c,Protoporphyrinogen IX,-2.0,C34H38N4O4
pppi_c,Inorganic triphosphate,-4.0,HO10P3
pppn_c,Phenylpropanoate,-1.0,C9H9O2
pppn_e,Phenylpropanoate,-1.0,C9H9O2
pppn_p,Phenylpropanoate,-1.0,C9H9O2
ppt_e,Phosphonate,-2.0,HO3P
ppt_p,Phosphonate,-2.0,HO3P
pram_c,5-Phospho-beta-D-ribosylamine,-1.0,C5H11NO7P
pran_c,N-(5-Phospho-D-ribosyl)anthranilate,-3.0,C12H13NO9P
prbamp_c,1-(5-Phosphoribosyl)-AMP,-4.0,C15H19N5O14P2
prbatp_c,1-(5-Phosphoribosyl)-ATP,-6.0,C15H19N5O20P4
prfp_c,1-(5-Phosphoribosyl)-5-[(5-phosphoribosylamino)methylideneamino]imidazole-4-carboxamide,-4.0,C15H21N5O15P2
prlp_c,5-[(5-phospho-1-deoxyribulos-1-ylamino)methylideneamino]-1-(5-phosphoribosyl)imidazole-4-carboxamide,-4.0,C15H21N5O15P2
pro__L_c,L-Proline,0.0,C5H9NO2
pro__L_e,L-Proline,0.0,C5H9NO2
pro__L_p,L-Proline,0.0,C5H9NO2
progly_c,L-Prolinylglycine,0.0,C7H12N2O3
progly_e,L-Prolinylglycine,0.0,C7H12N2O3
progly_p,L-Prolinylglycine,0.0,C7H12N2O3
protrna_c,L-Prolyl-tRNA(Pro),1.0,C5H8NOR
prpp_c,5-Phospho-alpha-D-ribose 1-diphosphate,-5.0,C5H8O14P3
ps120_c,"Phosphatidylserine (didodecanoyl, n-C12:0)",-1.0,C30H57N1O10P1
ps140_c,"Phosphatidylserine (ditetradecanoyl, n-C14:0)",-1.0,C34H65N1O10P1
ps141_c,"Phosphatidylserine (ditetradec-7-enoyl, n-C14:1)",-1.0,C34H61N1O10P1
ps160_c,"Phosphatidylserine (dihexadecanoyl, n-C16:0)",-1.0,C38H73N1O10P1
ps161_c,"Phosphatidylserine (dihexadec-9-enoyl, n-C16:1)",-1.0,C38H69N1O10P1
ps180_c,"Phosphatidylserine (dioctadecanoyl, n-C18:0)",-1.0,C42H81N1O10P1
ps181_c,"Phosphatidylserine (dioctadec-11-enoyl, n-C18:1)",-1.0,C42H77N1O10P1
psclys_c,Psicoselysine,1.0,C12H25N2O7
psclys_e,Psicoselysine,1.0,C12H25N2O7
psclys_p,Psicoselysine,1.0,C12H25N2O7
pser__L_c,O-Phospho-L-serine,-2.0,C3H6NO6P
pser__L_e,O-Phospho-L-serine,-2.0,C3H6NO6P
pser__L_p,O-Phospho-L-serine,-2.0,C3H6NO6P
ptrc_c,Putrescine,2.0,C4H14N2
ptrc_e,Putrescine,2.0,C4H14N2
ptrc_p,Putrescine,2.0,C4H14N2
pyam5p_c,Pyridoxamine 5'-phosphate,-1.0,C8H12N2O5P
pydam_c,Pyridoxamine,1.0,C8H13N2O2
pydx5p_c,Pyridoxal 5'-phosphate,-2.0,C8H8NO6P
pydx_c,Pyridoxal,0.0,C8H9NO3
pydxn_c,Pyridoxine,0.0,C8H11NO3
pyr_c,Pyruvate,-1.0,C3H3O3
pyr_e,Pyruvate,-1.0,C3H3O3
pyr_p,Pyruvate,-1.0,C3H3O3
q8_c,Ubiquinone-8,0.0,C49H74O4
q8h2_c,Ubiquinol-8,0.0,C49H76O4
quln_c,Quinolinate,-2.0,C7H3NO4
r15bp_c,"D-Ribose 1,5-bisphosphate",-4.0,C5H8O11P2
r1p_c,Alpha-D-Ribose 1-phosphate,-2.0,C5H9O8P
r5p_c,Alpha-D-Ribose 5-phosphate,-2.0,C5H9O8P
r5p_e,Alpha-D-Ribose 5-phosphate,-2.0,C5H9O8P
r5p_p,Alpha-D-Ribose 5-phosphate,-2.0,C5H9O8P
ragund_c,Rhamanosyl-N-acetylglucosamyl-undecaprenyl diphosphate,-2.0,C69H113N1O16P2
rbflvrd_c,Reduced riboflavin,0.0,C17H22N4O6
rbl__L_c,L-Ribulose,0.0,C5H10O5
rdmbzi_c,"N1-(alpha-D-ribosyl)-5,6-dimethylbenzimidazole",0.0,C14H18N2O4
rhcys_c,S-Ribosyl-L-homocysteine,0.0,C9H17NO6S
rib__D_c,D-Ribose,0.0,C5H10O5
rib__D_e,D-Ribose,0.0,C5H10O5
rib__D_p,D-Ribose,0.0,C5H10O5
ribflv_c,Riboflavin C17H20N4O6,0.0,C17H20N4O6
rml1p_c,L-Rhamnulose 1-phosphate,-2.0,C6H11O8P
rml_c,L-Rhamnulose,0.0,C6H12O5
rmn_c,L-Rhamnose,0.0,C6H12O5
rmn_e,L-Rhamnose,0.0,C6H12O5
rmn_p,L-Rhamnose,0.0,C6H12O5
ru5p__D_c,D-Ribulose 5-phosphate,-2.0,C5H9O8P
ru5p__L_c,L-Ribulose 5-phosphate,-2.0,C5H9O8P
s7p_c,Sedoheptulose 7-phosphate,-2.0,C7H13O10P
s_c,Sulfur,0.0,S
sarcs_c,Sarcosine C3H7NO2,0.0,C3H7NO2
sbt6p_c,D-Sorbitol 6-phosphate,-2.0,C6H13O9P
sbt__D_e,D-Sorbitol,0.0,C6H14O6
sbt__D_p,D-Sorbitol,0.0,C6H14O6
sbzcoa_c,O-Succinylbenzoyl-CoA,-5.0,C32H39N7O20P3S
scl_c,Sirohydrochlorin,-7.0,C42H39N4O16
sectrna_c,L-Selenocysteinyl-tRNA(Sec),1.0,C3H6NOSeR
seln_c,Selenide,-1.0,HSe
selnp_c,Selenophosphate,-1.0,H2O3PSe
ser__D_c,D-Serine,0.0,C3H7NO3
ser__D_e,D-Serine,0.0,C3H7NO3
ser__D_p,D-Serine,0.0,C3H7NO3
ser__L_c,L-Serine,0.0,C3H7NO3
ser__L_e,L-Serine,0.0,C3H7NO3
ser__L_p,L-Serine,0.0,C3H7NO3
seramp_c,L-seryl-AMP,0.0,C13H19N6O9P
sertrna_sec_c,L-Seryl-tRNA(Sec),1.0,C3H6NO2R
sertrna_c,L-Seryl-tRNA(Ser),1.0,C3H6NO2R
sheme_c,Siroheme C42H36FeN4O16,-8.0,C42H36FeN4O16
skm5p_c,Shikimate 5-phosphate,-3.0,C7H8O8P
skm_c,Shikimate,-1.0,C7H9O5
skm_e,Shikimate,-1.0,C7H9O5
skm_p,Shikimate,-1.0,C7H9O5
sl26da_c,"N-Succinyl-LL-2,6-diaminoheptanedioate",-2.0,C11H16N2O7
sl2a6o_c,N-Succinyl-2-L-amino-6-oxoheptanedioate,-3.0,C11H12NO8
so2_c,Sulfur dioxide,0.0,O2S
so2_e,Sulfur dioxide,0.0,O2S
so2_p,Sulfur dioxide,0.0,O2S
so3_c,Sulfite,-2.0,O3S
so3_e,Sulfite,-2.0,O3S
so3_p,Sulfite,-2.0,O3S
so4_c,Sulfate,-2.0,O4S
so4_e,Sulfate,-2.0,O4S
so4_p,Sulfate,-2.0,O4S
spmd_c,Spermidine,3.0,C7H22N3
spmd_e,Spermidine,3.0,C7H22N3
spmd_p,Spermidine,3.0,C7H22N3
ssaltpp_c,Succinate semialdehyde-thiamin diphosphate anion,-3.0,C16H21N4O10P2S
stcoa_c,Stearoyl-CoA (n-C18:0CoA),-4.0,C39H66N7O17P3S
suc6p_c,Sucrose 6-phosphate,-2.0,C12H21O14P
sucarg_c,N2-Succinyl-L-arginine,-1.0,C10H17N4O5
sucbz_c,O-Succinylbenzoate,-2.0,C11H8O5
succ_c,Succinate,-2.0,C4H4O4
succ_e,Succinate,-2.0,C4H4O4
succ_p,Succinate,-2.0,C4H4O4
succoa_c,Succinyl-CoA,-5.0,C25H35N7O19P3S
sucglu_c,N2-Succinyl-L-glutamate,-3.0,C9H10NO7
sucgsa_c,N2-Succinyl-L-glutamate 5-semialdehyde,-2.0,C9H11NO6
suchms_c,O-Succinyl-L-homoserine,-1.0,C8H12NO6
sucorn_c,N2-Succinyl-L-ornithine,-1.0,C9H15N2O5
sucr_e,Sucrose C12H22O11,0.0,C12H22O11
sucr_p,Sucrose C12H22O11,0.0,C12H22O11
sucsal_c,Succinic semialdehyde,-1.0,C4H5O3
sulfac_c,Sulfoacetate,-2.0,C2H2O5S
sulfac_e,Sulfoacetate,-2.0,C2H2O5S
sulfac_p,Sulfoacetate,-2.0,C2H2O5S
t3c11vaceACP_c,Trans-3-cis-11-vacceoyl-[acyl-carrier protein],-1.0,C29H51N2O8PRS
t3c5ddeceACP_c,Trans-3-cis-5-dodecenoyl-[acyl-carrier protein],-1.0,C23H39N2O8PRS
t3c7mrseACP_c,Trans-3-cis-7-myristoleoyl-[acyl-carrier protein],-1.0,C25H43N2O8PRS
t3c9palmeACP_c,Trans-3-cis-9-palmitoleoyl-[acyl-carrier protein],-1.0,C27H47N2O8PRS
tag6p__D_c,D-Tagatose 6-phosphate,-2.0,C6H11O9P
tagdp__D_c,"D-Tagatose 1,6-biphosphate",-4.0,C6H10O12P2
tagur_c,D-Tagaturonate,-1.0,C6H9O7
tartr__L_c,L-tartrate,-2.0,C4H4O6
tartr__L_e,L-tartrate,-2.0,C4H4O6
tartr__L_p,L-tartrate,-2.0,C4H4O6
taur_c,Taurine C2H7NO3S,0.0,C2H7NO3S
taur_e,Taurine C2H7NO3S,0.0,C2H7NO3S
taur_p,Taurine C2H7NO3S,0.0,C2H7NO3S
tcynt_c,Thiocyanate,-1.0,CNS
tcynt_e,Thiocyanate,-1.0,CNS
tcynt_p,Thiocyanate,-1.0,CNS
td2coa_c,Trans-Tetradec-2-enoyl-CoA,-4.0,C35H56N7O17P3S
tdcoa_c,Tetradecanoyl-CoA (n-C14:0CoA),-4.0,C35H58N7O17P3S
tddec2eACP_c,Trans-Dodec-2-enoyl-[acyl-carrier protein],-1.0,C23H41N2O8PRS
tdeACP_c,Cis-tetradec-7-enoyl-[acyl-carrier protein] (n-C14:1),-1.0,C25H45N2O8PRS
tdec2eACP_c,Trans-Dec-2-enoyl-[acyl-carrier protein],-1.0,C21H37N2O8PRS
tdecoa_c,Tetradecenoyl-CoA (n-C14:1CoA),-4.0,C35H56N7O17P3S
thdp_c,"2,3,4,5-Tetrahydrodipicolinate",-2.0,C7H7NO4
thex2eACP_c,Trans-Hex-2-enoyl-[acyl-carrier protein],-1.0,C17H29N2O8PRS
thf_c,"5,6,7,8-Tetrahydrofolate",-2.0,C19H21N7O6
thm_c,Thiamin,1.0,C12H17N4OS
thm_e,Thiamin,1.0,C12H17N4OS
thm_p,Thiamin,1.0,C12H17N4OS
thmmp_c,Thiamin monophosphate,-1.0,C12H16N4O4PS
thmpp_c,Thiamine diphosphate,-2.0,C12H16N4O7P2S
thr__L_c,L-Threonine,0.0,C4H9NO3
thr__L_e,L-Threonine,0.0,C4H9NO3
thr__L_p,L-Threonine,0.0,C4H9NO3
thrp_e,L-Threonine O-3-phosphate,-2.0,C4H8NO6P
thrp_p,L-Threonine O-3-phosphate,-2.0,C4H8NO6P
thrtrna_c,L-Threonyl-tRNA(Thr),1.0,C4H8NO2R
thym_c,Thymine C5H6N2O2,0.0,C5H6N2O2
thym_e,Thymine C5H6N2O2,0.0,C5H6N2O2
thym_p,Thymine C5H6N2O2,0.0,C5H6N2O2
thymd_c,Thymidine C10H14N2O5,0.0,C10H14N2O5
thymd_e,Thymidine C10H14N2O5,0.0,C10H14N2O5
thymd_p,Thymidine C10H14N2O5,0.0,C10H14N2O5
tma_c,Trimethylamine,1.0,C3H10N
tma_e,Trimethylamine,1.0,C3H10N
tma_p,Trimethylamine,1.0,C3H10N
tmao_c,Trimethylamine N-oxide,0.0,C3H9NO
tmao_e,Trimethylamine N-oxide,0.0,C3H9NO
tmao_p,Trimethylamine N-oxide,0.0,C3H9NO
tmrs2eACP_c,Trans-Tetradec-2-enoyl-[acyl-carrier protein],-1.0,C25H45N2O8PRS
toct2eACP_c,Trans-Oct-2-enoyl-[acyl-carrier protein],-1.0,C19H33N2O8PRS
toctd2eACP_c,Trans-octadec-2-enoyl-[acyl-carrier protein],-1.0,C29H53N2O8PRS
tpalm2eACP_c,Trans-Hexadec-2-enoyl-[acyl-carrier protein],-1.0,C27H49N2O8PRS
trdox_c,Oxidized thioredoxin,0.0,X
trdrd_c,Reduced thioredoxin,0.0,XH2
tre6p_c,"Alpha,alpha'-Trehalose 6-phosphate",-2.0,C12H21O14P
tre_c,Trehalose,0.0,C12H22O11
tre_e,Trehalose,0.0,C12H22O11
tre_p,Trehalose,0.0,C12H22O11
trnaala_c,TRNA(Ala),0.0,R
trnaarg_c,TRNA(Arg),0.0,R
trnaasn_c,TRNA Asn  C10H17O10PR2,0.0,C10H17O10PR2
trnaasp_c,TRNA(Asp),0.0,R
trnacys_c,TRNA(Cys),0.0,R
trnagln_c,TRNA(Gln),0.0,R
trnaglu_c,TRNA (Glu),0.0,R
trnagly_c,TRNA(Gly),0.0,R
trnahis_c,TRNA(His),0.0,R
trnaile_c,TRNA(Ile),0.0,R
trnaleu_c,TRNA(Leu),0.0,R
trnalys_c,TRNA(Lys),0.0,R
trnamet_c,TRNA(Met),0.0,R
trnaphe_c,TRNA(Phe),0.0,R
trnapro_c,TRNA(Pro),0.0,R
trnasecys_c,TRNA(SeCys),0.0,R
trnaser_c,TRNA(Ser),0.0,R
trnathr_c,TRNA(Thr),0.0,R
trnatrp_c,TRNA(Trp),0.0,R
trnatyr_c,TRNA(Tyr),0.0,R
trnaval_c,TRNA(Val),0.0,R
trp__L_c,L-Tryptophan,0.0,C11H12N2O2
trp__L_e,L-Tryptophan,0.0,C11H12N2O2
trp__L_p,L-Tryptophan,0.0,C11H12N2O2
trptrna_c,L-Tryptophanyl-tRNA(Trp),1.0,C11H11N2OR
tsul_c,Thiosulfate,-2.0,O3S2
tsul_e,Thiosulfate,-2.0,O3S2
tsul_p,Thiosulfate,-2.0,O3S2
ttdca_c,Tetradecanoate (n-C14:0),-1.0,C14H27O2
ttdca_e,Tetradecanoate (n-C14:0),-1.0,C14H27O2
ttdca_p,Tetradecanoate (n-C14:0),-1.0,C14H27O2
ttdcea_c,Tetradecenoate (n-C14:1),-1.0,C14H25O2
ttdcea_e,Tetradecenoate (n-C14:1),-1.0,C14H25O2
ttdcea_p,Tetradecenoate (n-C14:1),-1.0,C14H25O2
tungs_c,Tungstate,-2.0,O4W1
tungs_e,Tungstate,-2.0,O4W1
tungs_p,Tungstate,-2.0,O4W1
tym_e,Tyramine,1.0,C8H12NO
tym_p,Tyramine,1.0,C8H12NO
tyr__L_c,L-Tyrosine,0.0,C9H11NO3
tyr__L_e,L-Tyrosine,0.0,C9H11NO3
tyr__L_p,L-Tyrosine,0.0,C9H11NO3
tyrp_e,Phosphotyrosine,-2.0,C9H10NO6P
tyrp_p,Phosphotyrosine,-2.0,C9H10NO6P
tyrtrna_c,L-Tyrosyl-tRNA(Tyr),1.0,C9H10NO2R
u23ga_c,"UDP-2,3-bis(3-hydroxytetradecanoyl)glucosamine",-2.0,C43H75N3O20P2
u3aga_c,UDP-3-O-(3-hydroxytetradecanoyl)-N-acetylglucosamine,-2.0,C31H51N3O19P2
u3hga_c,UDP-3-O-(3-hydroxytetradecanoyl)-D-glucosamine,-1.0,C29H50N3O18P2
uLa4fn_c,Undecaprenyl phosphate-4-amino-4-formyl-L-arabinose,-1.0,C61H99N1O8P1
uLa4n_c,Undecaprenyl phosphate-4-amino-4-deoxy-L-arabinose,0.0,C60H100N1O7P1
uLa4n_p,Undecaprenyl phosphate-4-amino-4-deoxy-L-arabinose,0.0,C60H100N1O7P1
uaagmda_c,"Undecaprenyl-diphospho-N-acetylmuramoyl-(N-acetylglucosamine)-L-ala-D-glu-meso-2,6-diaminopimeloyl-D-ala-D-ala",-4.0,C95H152N8O28P2
uaccg_c,UDP-N-acetyl-3-O-(1-carboxyvinyl)-D-glucosamine,-3.0,C20H26N3O19P2
uacgam_c,UDP-N-acetyl-D-glucosamine,-2.0,C17H25N3O17P2
uacgam_e,UDP-N-acetyl-D-glucosamine,-2.0,C17H25N3O17P2
uacgam_p,UDP-N-acetyl-D-glucosamine,-2.0,C17H25N3O17P2
uacmam_c,UDP-N-acetyl-D-mannosamine,-2.0,C17H25N3O17P2
uacmamu_c,UDP-N-acetyl-D-mannosaminouronate,-3.0,C17H22N3O18P2
uagmda_c,"Undecaprenyl-diphospho-N-acetylmuramoyl-L-alanyl-D-glutamyl-meso-2,6-diaminopimeloyl-D-alanyl-D-alanine",-4.0,C87H139N7O23P2
uama_c,UDP-N-acetylmuramoyl-L-alanine,-3.0,C23H33N4O20P2
uamag_c,UDP-N-acetylmuramoyl-L-alanyl-D-glutamate,-4.0,C28H39N5O23P2
uamr_c,UDP-N-acetylmuramate,-3.0,C20H28N3O19P2
udcpdp_c,Undecaprenyl diphosphate,-3.0,C55H89O7P2
udcpdp_p,Undecaprenyl diphosphate,-3.0,C55H89O7P2
udcpp_c,Undecaprenyl phosphate,-2.0,C55H89O4P
udcpp_p,Undecaprenyl phosphate,-2.0,C55H89O4P
udpLa4fn_c,Uridine 5''-diphospho-{beta}-4-deoxy-4-formamido-L-arabinose,-2.0,C15H21N3O16P2
udpLa4n_c,Uridine 5''-diphospho-{beta}-4-deoxy-4-amino-L-arabinose,-1.0,C14H22N3O15P2
udpLa4o_c,UDP-4-keto-pyranose,-2.0,C14H18N2O16P2
udp_c,UDP C9H11N2O12P2,-3.0,C9H11N2O12P2
udpacgal_e,UDP-N-acetyl-D-galactosamine,-2.0,C17H25N3O17P2
udpacgal_p,UDP-N-acetyl-D-galactosamine,-2.0,C17H25N3O17P2
udpg_c,UDPglucose,-2.0,C15H22N2O17P2
udpg_e,UDPglucose,-2.0,C15H22N2O17P2
udpg_p,UDPglucose,-2.0,C15H22N2O17P2
udpgal_c,UDPgalactose,-2.0,C15H22N2O17P2
udpgal_e,UDPgalactose,-2.0,C15H22N2O17P2
udpgal_p,UDPgalactose,-2.0,C15H22N2O17P2
udpgalfur_c,"UDP-D-galacto-1,4-furanose",-2.0,C15H22N2O17P2
udpglcur_c,UDP-D-glucuronate,-3.0,C15H19N2O18P2
udpglcur_e,UDP-D-glucuronate,-3.0,C15H19N2O18P2
udpglcur_p,UDP-D-glucuronate,-3.0,C15H19N2O18P2
ugmd_c,"UDP-N-acetylmuramoyl-L-alanyl-D-gamma-glutamyl-meso-2,6-diaminopimelate",-4.0,C35H51N7O26P2
ugmda_c,"UDP-N-acetylmuramoyl-L-alanyl-D-glutamyl-meso-2,6-diaminopimeloyl-D-alanyl-D-alanine",-4.0,C41H61N9O28P2
um4p_c,"UDP-N-acetylmuramoyl-L-alanyl-D-gamma-glutamyl-meso-2,6-diaminopimelate-D-alanine",-4.0,C38H56N8O27P2
ump_c,UMP C9H11N2O9P,-2.0,C9H11N2O9P
ump_e,UMP C9H11N2O9P,-2.0,C9H11N2O9P
ump_p,UMP C9H11N2O9P,-2.0,C9H11N2O9P
unaga_c,Undecaprenyl diphospho N-acetyl-glucosamine,-2.0,C63H103NO12P2
unagamu_c,Undecaprenyl-diphospho-N-acetylglucosamine-N-acetylmannosaminuronate,-3.0,C71H113N2O18P2
unagamuf_c,"Undecaprenyl-diphospho N-acetylglucosamine-N-acetylmannosaminuronate-N-acetamido-4,6-dideoxy-D-galactose",-3.0,C79H126N3O22P2
unagamuf_p,"Undecaprenyl-diphospho N-acetylglucosamine-N-acetylmannosaminuronate-N-acetamido-4,6-dideoxy-D-galactose",-3.0,C79H126N3O22P2
uppg3_c,Uroporphyrinogen III,-8.0,C40H36N4O16
ura_c,Uracil,0.0,C4H4N2O2
ura_e,Uracil,0.0,C4H4N2O2
ura_p,Uracil,0.0,C4H4N2O2
urate_c,Urate C5H4N4O3,0.0,C5H4N4O3
urdglyc_c,(-)-Ureidoglycolate,-1.0,C3H5N2O4
urea_c,Urea CH4N2O,0.0,CH4N2O
urea_e,Urea CH4N2O,0.0,CH4N2O
urea_p,Urea CH4N2O,0.0,CH4N2O
uri_c,Uridine,0.0,C9H12N2O6
uri_e,Uridine,0.0,C9H12N2O6
uri_p,Uridine,0.0,C9H12N2O6
utp_c,UTP C9H11N2O15P3,-4.0,C9H11N2O15P3
val__L_c,L-Valine,0.0,C5H11NO2
val__L_e,L-Valine,0.0,C5H11NO2
val__L_p,L-Valine,0.0,C5H11NO2
valtrna_c,L-Valyl-tRNA(Val),1.0,C5H10NOR
xan_c,Xanthine,0.0,C5H4N4O2
xan_e,Xanthine,0.0,C5H4N4O2
xan_p,Xanthine,0.0,C5H4N4O2
xdp_c,XDP,-3.0,C10H11N4O12P2
xmp_c,Xanthosine 5'-phosphate,-2.0,C10H11N4O9P
xmp_e,Xanthosine 5'-phosphate,-2.0,C10H11N4O9P
xmp_p,Xanthosine 5'-phosphate,-2.0,C10H11N4O9P
xtp_c,XTP,-4.0,C10H11N4O15P3
xtsn_c,Xanthosine,0.0,C10H12N4O6
xtsn_e,Xanthosine,0.0,C10H12N4O6
xtsn_p,Xanthosine,0.0,C10H12N4O6
xu5p__D_c,D-Xylulose 5-phosphate,-2.0,C5H9O8P
xu5p__L_c,L-Xylulose 5-phosphate,-2.0,C5H9O8P
xyl__D_c,D-Xylose,0.0,C5H10O5
xyl__D_e,D-Xylose,0.0,C5H10O5
xyl__D_p,D-Xylose,0.0,C5H10O5
xylu__D_c,D-Xylulose,0.0,C5H10O5
xylu__L_c,L-Xylulose,0.0,C5H10O5
xylu__L_e,L-Xylulose,0.0,C5H10O5
xylu__L_p,L-Xylulose,0.0,C5H10O5
zn2_c,Zinc,2.0,Zn
zn2_e,Zinc,2.0,Zn
zn2_p,Zinc,2.0,Zn
